"function Moneda(evt) { //var nav4 = window.event ? true : false; var key = window.event.keyCode; return (key <= 13 || (key >= 48 && key <= 57) || key == 46); } function soloNumeros(evt) { // var nav4 = window.event ? true : false; var key = window.event.keyCode; // alert(""Has pulsado una tecla "" + String(key)); return (key <= 13 || (key >= 48 && key <= 57)); } function soloLetras(evt) { //var nav4 = window.event ? true : false; var key = window.event.keyCode; return (key <= 13 || (key >= 65 && key <= 90) || (key >= 97 && key <= 122)); } function AlphaNumeric(evt) { //var nav4 = window.event ? true : false; var key = window.event.keyCode; return (key <= 13 || key <= 44 || key <= 45 || key <= 46 || key <= 95 || key <= 32 || key <= 34 || (key >= 48 && key <= 57) || (key >= 65 && key <= 90) || (key >= 97 && key <= 122) || key == 241 || key == 209 || key == 193 || key == 201 || key == 205 || key == 211 || key == 218); } function PruebaTeclado() { var key = window.event.keyCode; //codigo de tecla. // alert(""Has pulsado una tecla""); switch (key) { //case 112: window.location=""www.url_para_F1.com""; break; case 113: //alert('F2 presionado'); var Argumentos = ''; var ran = Math.random() * 4; var ConfiguracionPagina = 'center:yes;resizable:no;help:no;status:no;dialogWidth:750px;dialogHeight:450px'; var Pagina = 'Busqueda.aspx?rn=' + ran; Argumentos = window.showModalDialog(Pagina, Argumentos, ConfiguracionPagina); // if(Argumentos == null) // { // mandamos un mensaje // window.alert('No se devolvio ninguna valor!'); // } // else // { //quiere decir que se ha devuelto una lista de contactos // // asi que recuperamos la informacion enviada // document.getElementById('txtCodRegreso').value = Argumentos; // //document.getElementById('TextBox2').value = Argumentos[1]; // } // window.open(""Busqueda.aspx"",""Busqueda"",""width=750,height=450,toolbar=no,location=no,directories=no,status=no,menubar=no, scrollbars=yes,resizable=yes,copyhistory=no""); form1.btnAgregarRamEns.click(); //form1.Button1.click(); break; //case 113: window.location=""www.url_para_F2.com""; break; //case 114: window.location=""www.url_para_F3.com""; break; //etc, etc... } return false; } function CallPrint(strid) { var prtContent = document.getElementById('_ctl0_ContentPlaceHolder1_reporte'); var WinPrint = window.open('', '', 'letf=100,top=100,width=1,height=1,toolbar=0,scrollbars=0,status=0'); WinPrint.document.write(prtContent.innerHTML); WinPrint.document.close(); WinPrint.focus(); WinPrint.print(); WinPrint.close(); } window.dataLayer = window.dataLayer || []; function gtag() { dataLayer.push(arguments); } gtag('js', new Date()); gtag('config', 'G-9T9RDYGCX9'); //",,,,,,,,,,,,,,,,,,,
,  [ e-Servicios ]   ,,,,,,,,,,,,,,,,,,
,Bsqueda de centros educativos autorizados por el Mineduc y carreras que pueden impartir.,,,,,,,,,,,,,,,,,,
,,,,,,,,,,,,,,,,,,,
,,,,,,,,,,,,,,,,,,,
       ,,,,,,,,,,,,,,,,,,,
Importante:,,,,,,,,,,,,,,,,,,,
,,,,,,,,,,,,,,,,,,,
"Para una mejor bsqueda puede seleccionar el departamento y municipio, con base a la ubicaci󮠤el centro educativo, ingresando el c󤩧o del establecimiento separado por guiones o el nombre completo o parte de 鬮",,,,,,,,,,,,,,,,,,,
"Un centro educativo puede contar con uno o m᳠c󤩧os de acuerdo con los servicios educativos autorizados (nivel, plan o jornada).",,,,,,,,,,,,,,,,,,,
"Las carreras pueden visualizarse nicamente en los c󤩧os de centros educativos que tienen autorizado el Nivel de Educaci󮠍edia, Ciclo de Educaci󮠄iversificada.",,,,,,,,,,,,,,,,,,,
Para visualizar las carreras autorizadas a un centro educativo seleccione el Nivel Escolar: Diversificado.,,,,,,,,,,,,,,,,,,,
,,,,,,,,,,,,,,,,,,,
,,,,,,,,,,,,,,,,,,,
,,,,,,,,,,,,,,,,,,,
Departamento,Municipio,,,,,,,,,,,,,,,,,,
SELECCIONE UNO ALTA VERAPAZ BAJA VERAPAZ CHIMALTENANGO CHIQUIMULA CIUDAD CAPITAL EL PROGRESO ESCUINTLA GUATEMALA HUEHUETENANGO IZABAL JALAPA JUTIAPA PETEN QUETZALTENANGO QUICHE RETALHULEU SACATEPEQUEZ SAN MARCOS SANTA ROSA SOLOLA SUCHITEPEQUEZ TOTONICAPAN ZACAPA,TODOS DOLORES EL CHAL FLORES LA LIBERTAD LAS CRUCES MELCHOR DE MENCOS POPTUN SAN ANDRES SAN BENITO SAN FRANCISCO SAN JOSE SAN LUIS SANTA ANA SAYAXCHE,,,,,,,,,,,,,,,,,,
Nivel Escolar  TODOS BASICO DIVERSIFICADO PARVULOS PREPRIMARIA BILINGUE PRIMARIA PRIMARIA DE ADULTOS,,,,,,,,,,,,,,,,,,,
Sector TODOS OFICIAL PRIVADO MUNICIPAL COOPERATIVA,,,,,,,,,,,,,,,,,,,
Plan,Modalidad,,,,,,,,,,,,,,,,,,
TODOS DIARIO(REGULAR) SABATINO DOMINICAL FIN DE SEMANA IRREGULAR MIXTO A DISTANCIA,TODOS MONOLINGUE BILINGUE,,,,,,,,,,,,,,,,,,
C󤩧o (##-##-####-##),,,,,,,,,,,,,,,,,,,
Nombre,,,,,,,,,,,,,,,,,,,
Direcci󮍊,,,,,,,,,,,,,,,,,,,
  ,,,,,,,,,,,,,,,,,,,
,,,,,,,,,,,,,,,,,,,
,,,,,,,,,,,,,,,,,,,
CODIGO,,DISTRITO,DEPARTAMENTO,MUNICIPIO,ESTABLECIMIENTO,DIRECCION,TELEFONO,SUPERVISOR,DIRECTOR,NIVEL,SECTOR,AREA,STATUS,MODALIDAD,JORNADA,PLAN,DEPARTAMENTAL,,
17-01-0035-46,,17-001,PETEN,FLORES,INSTITUTO PRIVADO DE EDUCACION DIVERSIFICADA DIEGO AMERICO CETINA PACHECO,BARRIO SANTA ELENA,,LILIN MELISA HERRERA ORREGO,----,DIVERSIFICADO,PRIVADO,URBANA,CERRADA DEFINITIVAMENTE,MONOLINGUE,NOCTURNA,DIARIO(REGULAR),PETɎ,,
17-01-0038-46,,,PETEN,FLORES,INSTITUTO PRIVADO MIXTO DE EDUCACION DIVERSIFICADA 'LA PARROQUIA' DE SECRETARIADO JN,BARRIO SANTA ELENA,,,,DIVERSIFICADO,PRIVADO,URBANA,CERRADA DEFINITIVAMENTE,MONOLINGUE,NOCTURNA,DIARIO(REGULAR),PETɎ,,
17-01-0039-46,,17-,PETEN,FLORES,INSTITUTO NOCTURNO DE CIENCIAS COMERCIALES Y ACADEMIA ANEXA,BARRIO SANTA ELENA,,JOSE FRANCISCO OLAN PONCE,,DIVERSIFICADO,PRIVADO,URBANA,CERRADA TEMPORALMENTE,MONOLINGUE,NOCTURNA,DIARIO(REGULAR),PETɎ,,
17-01-0058-46,,17-001,PETEN,FLORES,"LICEO PETENERO EN CIENCIAS ADMINISTRATIVAS, RECURSOS NATURALES Y TURISMO",SANTA ELENA DE LA CRUZ,,LILIN MELISA HERRERA ORREGO,ERWIN AUGUSTO LӐEZ Y LӐEZ,DIVERSIFICADO,PRIVADO,URBANA,CERRADA DEFINITIVAMENTE,MONOLINGUE,DOBLE,FIN DE SEMANA,PETɎ,,
17-01-0064-46,,17-01-1026,PETEN,FLORES,INSTITUTO NACIONAL DE EDUCACION DIVERSIFICADA,ALDEA IXLU,54823795,BRAULIO AMILCAR CHN TESUCڎ,VICENTE AVELAR HERNNDEZ,DIVERSIFICADO,OFICIAL,RURAL,ABIERTA,MONOLINGUE,VESPERTINA,DIARIO(REGULAR),PETɎ,,
17-01-0065-46,,17-001,PETEN,FLORES,INSTITUTO NACIONAL DE EDUCACION DIVERSIFICADA,ALDEA SANTA ELENA DE LA CRUZ,,LILIN MELISA HERRERA ORREGO,---,DIVERSIFICADO,OFICIAL,RURAL,CERRADA DEFINITIVAMENTE,MONOLINGUE,VESPERTINA,DIARIO(REGULAR),PETɎ,,
17-01-0070-46,,17-001,PETEN,FLORES,"CENTRO EDUCATIVO INTEGRAL ""PAULO FREIRE""",ZONA 2,79264648,LILIN MELISA HERRERA ORREGO,EFREN PORTILLO,DIVERSIFICADO,PRIVADO,URBANA,CERRADA TEMPORALMENTE,MONOLINGUE,MATUTINA,DIARIO(REGULAR),PETɎ,,
17-01-0073-46,,17-001,PETEN,FLORES,"LICEO INTEGRAL ""NUEVA GENERACION""","3RA. LOTIFICACION, SANTA ELENA DE LA CRUZ",58008391,LILIN MELISA HERRERA ORREGO,RODOLFO MEDINA,DIVERSIFICADO,PRIVADO,URBANA,CERRADA DEFINITIVAMENTE,MONOLINGUE,VESPERTINA,DIARIO(REGULAR),PETɎ,,
17-01-0078-46,,17-001,PETEN,FLORES,CENTRO EDUCATIVO MODELO,COLONIA MODELO DE SANTA ELENA DE LA CRUZ,54506610,LILIN MELISA HERRERA ORREGO,FRANCISCO VALENTIN SOZA,DIVERSIFICADO,PRIVADO,URBANA,CERRADA DEFINITIVAMENTE,MONOLINGUE,DOBLE,FIN DE SEMANA,PETɎ,,
17-01-0081-46,,17-01-1026,PETEN,FLORES,"COLEGIO DE EDUCACION MEDIA ""SAN ISIDRO""","ALDEA IXLU, FLORES",55164373,BRAULIO AMILCAR CHN TESUCڎ,RUTILIA SALGUERO CASTRO,DIVERSIFICADO,PRIVADO,RURAL,ABIERTA,MONOLINGUE,DOBLE,FIN DE SEMANA,PETɎ,,
17-01-0083-46,,17-001,PETEN,FLORES,"COLEGIO INTEGRADO DE EDUCACION PROFRESIONAL DE PETEN, CIEPP",ALDEA IXLU,78215568,LILIN MELISA HERRERA ORREGO,EVELYN MIGDALIA TORALLA LOPEZ,DIVERSIFICADO,PRIVADO,RURAL,CERRADA TEMPORALMENTE,MONOLINGUE,DOBLE,FIN DE SEMANA,PETɎ,,
17-01-0085-46,,17-001,PETEN,FLORES,"LICEO PETENERO EN CIENCIAS ADMINISTRATIVAS, RECURSOS NATURALES Y TURISMO","CALLE LIMITE, FRENTE AL ORGANISMO JUDICIAL, A UN COSTADO DE LOS DERECHOS HUMANOS",79261560,LILIN MELISA HERRERA ORREGO,ERWIN AUGUSTO LOPEZ Y LOPEZ,DIVERSIFICADO,PRIVADO,URBANA,CERRADA TEMPORALMENTE,MONOLINGUE,MATUTINA,DIARIO(REGULAR),PETɎ,,
17-01-0086-46,,17-001,PETEN,FLORES,"LICEO PETENERO EN CIENCIAS ADMINISTRATIVAS, RECURSOS NATURALES Y TURISMO","CALLE LIMITE, FRENTE A ORGANISMO JUDICIAL, A UN COSTADO DE LOS DERECHOS HUMANOS",79261560,LILIN MELISA HERRERA ORREGO,ERWIN AUGUSTO LOPEZ Y LOPEZ,DIVERSIFICADO,PRIVADO,URBANA,CERRADA TEMPORALMENTE,MONOLINGUE,VESPERTINA,DIARIO(REGULAR),PETɎ,,
17-01-0091-46,,17-01-1025,PETEN,FLORES,"COLEGIO CRISTIANO ""EL-HASHAMAYIM""","7A. AVENIDA 1-65 ZONA 2, SANTA ELENA DE LA CRUZ SANTA ELENA DE LA CRUZ FLORES",79261812,LILIN MELISA HERRERA ORREGO,JORGE ULICES RUANO CANO,DIVERSIFICADO,PRIVADO,URBANA,ABIERTA,MONOLINGUE,VESPERTINA,DIARIO(REGULAR),PETɎ,,
17-01-0095-46,,17-001,PETEN,FLORES,INSTITUTO DE EDUCACION BASICA Y BACHILLERATO POR MADUREZ CAMINO A LA LIBERTAD,"CENTRO DE DETENCION DEPARTAMENTAL, SANTA ELENA DE LA CRUZ",79261698,LILIN MELISA HERRERA ORREGO,XIOMARA ANAYELY DEL CID COY,DIVERSIFICADO,OFICIAL,RURAL,CERRADA DEFINITIVAMENTE,MONOLINGUE,VESPERTINA,DIARIO(REGULAR),PETɎ,,
17-01-0099-46,,17-001,PETEN,FLORES,CENTRO EDUCATIVO DEL NAZARENO,"4A. CALLE A 5-55 ZONA 1, SANTA ELENA DE LA CRUZ",79263311,LILIN MELISA HERRERA ORREGO,ERWIN DAVID LOPEZ OCHAETA,DIVERSIFICADO,PRIVADO,URBANA,CERRADA TEMPORALMENTE,MONOLINGUE,VESPERTINA,DIARIO(REGULAR),PETɎ,,
17-01-0100-46,,17-001,PETEN,FLORES,INSTITUTO TECNOLOGICO AGROFORESTAL CENTRO MAYA,SANTA ELENA DE LA CRUZ,79264718,LILIN MELISA HERRERA ORREGO,EDGAR ROLANDO CHAYAX MOLINA,DIVERSIFICADO,PRIVADO,URBANA,CERRADA TEMPORALMENTE,MONOLINGUE,DOBLE,DIARIO(REGULAR),PETɎ,,
17-01-0104-46,,17-001,PETEN,FLORES,COLEGIO EDUCATIVO PRIVADO RIVERA,ALDEA PAXCAMAN,49355352,LILIN MELISA HERRERA ORREGO,MANUEL DE JESړ RIVERA GӍEZ,DIVERSIFICADO,PRIVADO,RURAL,CERRADA TEMPORALMENTE,MONOLINGUE,NOCTURNA,DIARIO(REGULAR),PETɎ,,
17-01-0106-46,,17-01-1025,PETEN,FLORES,"INSTITUTO TECNICO DE EDUCACION MEDIA DE PETEN ""ITEMP""",6TA. AVE. ENTRE 3RA. Y 4TA. CALLE ZONA 1 SANTA ELENA,50357085,LILIN MELISA HERRERA ORREGO,GLADIS CELENI ZAMORA MORALES DE CHOC,DIVERSIFICADO,OFICIAL,URBANA,ABIERTA,MONOLINGUE,MATUTINA,DIARIO(REGULAR),PETɎ,,
17-01-0110-46,,17-01-1026,PETEN,FLORES,"CENTRO EDUCATIVO CRISTIANO ""GɎESIS""",ALDEA PAXCAMAN,50174360,BRAULIO AMILCAR CHN TESUCڎ,ALMEIDA ESTER BIN TENI,DIVERSIFICADO,PRIVADO,RURAL,ABIERTA,MONOLINGUE,VESPERTINA,DIARIO(REGULAR),PETɎ,,
17-01-0119-46,,17-001,PETEN,FLORES,COLEGIO PRE UNIVERSITARIO TECNOLOGICO DEL NORTE,2DA.CALLE 3-98-ZONA 1 SANTA ELENA PETEN,43557661,LILIN MELISA HERRERA ORREGO,ALBA SURAMY ACUс LOPEZ,DIVERSIFICADO,PRIVADO,URBANA,CERRADA DEFINITIVAMENTE,MONOLINGUE,VESPERTINA,DIARIO(REGULAR),PETɎ,,
17-01-0123-46,,17-001,PETEN,FLORES,"CENTRO EDUCATIVO CRISTIANO ""GENESIS""",ALDEA PAXCAMAN,31272157,LILIN MELISA HERRERA ORREGO,ALMEIDA ESTER BIN TENI,DIVERSIFICADO,PRIVADO,RURAL,CERRADA DEFINITIVAMENTE,MONOLINGUE,DOBLE,FIN DE SEMANA,PETɎ,,
17-01-0124-46,,17-030,PETEN,FLORES,COLEGIO DE EDUCACIӎ MEDIA SAN ISIDRO,CASERIO IXLU,57817572,RODOLFO MEDINA,ORISELDA GUTIɒREZ MOLINA,DIVERSIFICADO,PRIVADO,RURAL,ABIERTA,MONOLINGUE,VESPERTINA,DIARIO(REGULAR),PETɎ,,
17-01-0125-46,,17-001,PETEN,FLORES,INSTITUTO COMERCIAL VILLA CONCEPCION,BARRIO VILLA CONCEPCION,78675253,LILIN MELISA HERRERA ORREGO,VERӎICA MILDRED MAS REYES,DIVERSIFICADO,PRIVADO,URBANA,CERRADA TEMPORALMENTE,MONOLINGUE,DOBLE,FIN DE SEMANA,PETɎ,,
17-01-0128-46,,17-01-1025,PETEN,FLORES,"INSTITUTO COMERCIAL ""VILLA CONCEPCION""","AVENIDA ZONA 2, DE LA PRIMERA LOTIFICACION SANTA ELENA, FLORES, PETEN",74248180,LILIN MELISA HERRERA ORREGO,BRBARA MARIANELA MELGAR CEBALLOS,DIVERSIFICADO,PRIVADO,URBANA,ABIERTA,MONOLINGUE,MATUTINA,DIARIO(REGULAR),PETɎ,,
17-01-0130-46,,17-001,PETEN,FLORES,INSTITUTO PARTICULAR MIXTO CIENCIA Y DESARROLLO.,SANTA ELENA,79248284,LILIN MELISA HERRERA ORREGO,RAFAEL MANUEL BALDIZӎ OZAETA,DIVERSIFICADO,PRIVADO,URBANA,CERRADA DEFINITIVAMENTE,MONOLINGUE,DOBLE,FIN DE SEMANA,PETɎ,,
17-01-0131-46,,17-001,PETEN,FLORES,INSTITUTO COMERCIAL VILLA CONCEPCION,"1AV. 2DA. CALLE ZONA 2, BARRIO VILLA CONCEPCION.",79248180,LILIN MELISA HERRERA ORREGO,VERӎICA MILDRED MAS REYES,DIVERSIFICADO,PRIVADO,URBANA,CERRADA TEMPORALMENTE,MONOLINGUE,DOBLE,FIN DE SEMANA,PETɎ,,
17-01-0133-46,,17-001,PETEN,FLORES,COLEGIO INTEGRADO DE EDUCACION PROFESIONAL DE PETEN-CIEPP-,ALDEA IXLU,79248512,LILIN MELISA HERRERA ORREGO,LUBIA ROXANA JIMɎEZ RIVERA,DIVERSIFICADO,PRIVADO,RURAL,CERRADA TEMPORALMENTE,MONOLINGUE,DOBLE,FIN DE SEMANA,PETɎ,,
17-01-0136-46,,17-01-1025,PETEN,FLORES,INSTITUTO TECNOLӇICO HOWARD W. HUNTER.,"0 CALLE 0-65 ZONA 1, CALZADA VIRGILIO RODRIGUEZ MACAL SANTA ELENA DE LA CRUZ",79262016,LILIN MELISA HERRERA ORREGO,OLGA MARINA VɌIZ PALENCIA,DIVERSIFICADO,PRIVADO,URBANA,ABIERTA,MONOLINGUE,DOBLE,DIARIO(REGULAR),PETɎ,,
17-01-0139-46,,17-01-1025,PETEN,FLORES,COLEGIO CRISTIANO CON ORIENTACION UNIVERSITARIA EL SHADDAI,8. AVENIDA 3-14 ANTIGUA POBLACION 2 SANTA ELENA DE LA CRUZ SANTA ELENA DE LA CRUZ FLORES,77970526,LILIN MELISA HERRERA ORREGO,CARLOS ENRIQUE AUGUST VELIZ,DIVERSIFICADO,PRIVADO,URBANA,ABIERTA,MONOLINGUE,MATUTINA,DIARIO(REGULAR),PETɎ,,
17-01-0142-46,,17-001,PETEN,FLORES,COLEGIO DE EDUCACION MEDIA SAN ISIDRO,ALDEA IXLU,55164363,LILIN MELISA HERRERA ORREGO,RUTILIA SALGUERO CASTRO,DIVERSIFICADO,PRIVADO,RURAL,CERRADA DEFINITIVAMENTE,MONOLINGUE,DOBLE,FIN DE SEMANA,PETɎ,,
17-01-0153-46,,17-048,PETEN,FLORES,PROGRAMA NACIONAL DE EDUCACION ALTERNATIVA-PRONEA-,SANTA ELENA,79262583,SANTIAGO CRUZ SERRANO,SANTIAGO CRUZ SERRANO,DIVERSIFICADO,OFICIAL,RURAL,ABIERTA,MONOLINGUE,DOBLE,A DISTANCIA,PETɎ,,
17-01-0155-46,,17-01-1025,PETEN,FLORES,COLEGIO CRISTIANO EL HASHAMAYIM,SANTA ELENA DE LA CRUZ,79261812,LILIN MELISA HERRERA ORREGO,JORGE ULICES RUANO CANO,DIVERSIFICADO,PRIVADO,URBANA,ABIERTA,MONOLINGUE,MATUTINA,DIARIO(REGULAR),PETɎ,,
17-01-0156-46,,17-001,PETEN,FLORES,CENTRO DE EDUCACION EXTRAESCOLAR-CEEX-DEPARTAMENTAL,5TA.CALLE Y 3RA AV. ZONA 2 SANTA ELENA,31091363,LILIN MELISA HERRERA ORREGO,ZOILA ELIZABETH POLICARPIO MACARIO,DIVERSIFICADO,OFICIAL,RURAL,ABIERTA,MONOLINGUE,DOBLE,A DISTANCIA,PETɎ,,
17-01-0159-46,,17-01-1026,PETEN,FLORES,COLEGIO DE EDUCACION MEDIA SAN ISIDRO,ALDEA IXLU,55164373,BRAULIO AMILCAR CHN TESUCڎ,RUTILIA SALGUERO CASTRO,DIVERSIFICADO,PRIVADO,RURAL,ABIERTA,MONOLINGUE,SIN JORNADA,SEMIPRESENCIAL (UN D́ A LA SEMANA),PETɎ,,
17-01-0161-46,,17-030,PETEN,FLORES,CENTRO EDUCATIVO MODELO,COLONIA MORALES,59893637,RODOLFO MEDINA,FRANCISCO VALENTIN SOZA,DIVERSIFICADO,PRIVADO,URBANA,ABIERTA,MONOLINGUE,SIN JORNADA,SEMIPRESENCIAL (UN D́ A LA SEMANA),PETɎ,,
17-01-0163-46,,17-030,PETEN,FLORES,"""INSTITUTO MIXTO DE EDUCACION FUNDAMENTAL"" -IMEF-","4. AVENIDA 3RA CALLE ZONA 2, SANTA ELENA, FLORES",41118747,RODOLFO MEDINA,ESTHER NOEMI PINELO RAM͒EZ,DIVERSIFICADO,PRIVADO,URBANA,CERRADA DEFINITIVAMENTE,MONOLINGUE,SIN JORNADA,SEMIPRESENCIAL (UN D́ A LA SEMANA),PETɎ,,
17-01-0165-46,,17-01-1026,PETEN,FLORES,"CENTRO EDUCATIVO CRISTIANO ""GɎESIS""",ALDEA PAXCAMAN,50174360,BRAULIO AMILCAR CHN TESUCڎ,ALMEIDA ESTER BIN TENI,DIVERSIFICADO,PRIVADO,RURAL,ABIERTA,MONOLINGUE,SIN JORNADA,SEMIPRESENCIAL (UN D́ A LA SEMANA),PETɎ,,
17-01-0167-46,,17-01-1025,PETEN,FLORES,"INSTITUTO DE EDUCACIO9N BASICA Y BACHILLERATO POR MADURREZ, CAMINO A LA LIBERTAD",CENTRO DE DETENCION DEPARTAMENTAL,49663881,LILIN MELISA HERRERA ORREGO,DAVID OTONIEL GARCIA POLANCO,DIVERSIFICADO,OFICIAL,RURAL,ABIERTA,MONOLINGUE,VESPERTINA,DIARIO(REGULAR),PETɎ,,
17-01-0172-46,,17-01-1025,PETEN,FLORES,INSTITUTO PRIVADO DE EDUCACION DIVERSIFICADO B0KOBA,COLONIA MODELO,53329066,LILIN MELISA HERRERA ORREGO,MYNOR ROBERTO PORTILLO ROSADO,DIVERSIFICADO,PRIVADO,URBANA,ABIERTA,MONOLINGUE,SIN JORNADA,SEMIPRESENCIAL (FIN DE SEMANA),PETɎ,,
17-01-0173-46,,17-01-1025,PETEN,FLORES,INSTITUTODE EDUCACION DIVERSIFICADA BOKOBA,COLONIA MODELO,53329066,LILIN MELISA HERRERA ORREGO,MYNOR ROBERTO PORTILLO ROSADO,DIVERSIFICADO,PRIVADO,URBANA,ABIERTA,MONOLINGUE,DOBLE,FIN DE SEMANA,PETɎ,,
17-01-0174-46,,17-01-1025,PETEN,FLORES,CENTRO EDUCATIVO PETEN,0 CALLE-3-50 ZONA 1 CALZADA VIRGIO RODRIGUEZ MACAL,42509151,LILIN MELISA HERRERA ORREGO,KARLA YAMILETH NJERA ARIAS,DIVERSIFICADO,PRIVADO,URBANA,ABIERTA,MONOLINGUE,MATUTINA,DIARIO(REGULAR),PETɎ,,
17-01-0175-46,,17-01-1026,PETEN,FLORES,INED INSTITUTO NACIONAL DE EDUCACIӎ DIVERSIFICADA,ALDEA LAS VIсS,50188980,BRAULIO AMILCAR CHN TESUCڎ,,DIVERSIFICADO,OFICIAL,RURAL,ABIERTA,MONOLINGUE,VESPERTINA,DIARIO(REGULAR),PETɎ,,
17-01-0179-46,,17-01-1025,PETEN,FLORES,COLEGIO CRISTIANO CON ORIENTACION UNIVERSITARIA EL SHADDAI,"8VA 3-14 ANTIGUA POBLACION SANTA ELENA, PETɎ",30898682,LILIN MELISA HERRERA ORREGO,MAYRA AZUCENA CALANCHɠVSQUEZ,DIVERSIFICADO,PRIVADO,URBANA,ABIERTA,MONOLINGUE,DOBLE,DIARIO(REGULAR),PETɎ,,
17-01-0180-46,,17-01-1025,PETEN,FLORES,COLEGIO CRISTIANO CON ORIENTACION UNIVERSITARIA EL SHADDAI,"8VA. AVENIDA 3-14 ZONA 2 SANTA ELENA, FLORES, PETEN",30898682,LILIN MELISA HERRERA ORREGO,MAYRA AZUCENA CALANCHE VSQUEZ,DIVERSIFICADO,PRIVADO,URBANA,ABIERTA,MONOLINGUE,SIN JORNADA,SEMIPRESENCIAL (FIN DE SEMANA),PETɎ,,
17-01-0181-46,,17-01-1025,PETEN,FLORES,COLEGIO CRISTIANO CON ORIENTACION UNIVERSITARIA EL SHADDAI,"8VA. AVENIDA 3-14 ZONA 2 SANTA ELENA, FLORES, PETEN",30898682,LILIN MELISA HERRERA ORREGO,MAYRA AZUCENA CALANCHE VSQUEZ,DIVERSIFICADO,PRIVADO,URBANA,ABIERTA,MONOLINGUE,DOBLE,DIARIO(REGULAR),PETɎ,,
17-01-0481-46,,17-002,PETEN,FLORES,INSTITUTO MIXTO LA PARROQUIA,SANTA ELENA DE LA CRUZ,78230387,LILIA SAUDITA SUNTECUN CHAN,--,DIVERSIFICADO,PRIVADO,URBANA,CERRADA TEMPORALMENTE,MONOLINGUE,VESPERTINA,DIARIO(REGULAR),PETɎ,,
17-01-0485-46,,17-01-1025,PETEN,FLORES,ESCUELA NORMAL RURAL NO. 5 PROFESOR JULIO EDMUNDO ROSADO PINELO,BARRIO SANTA ELENA,78425736,LILIN MELISA HERRERA ORREGO,ROSA MAŔ GӎGORA LӐEZ,DIVERSIFICADO,OFICIAL,URBANA,ABIERTA,MONOLINGUE,VESPERTINA,DIARIO(REGULAR),PETɎ,,
17-01-0511-46,,17-001,PETEN,FLORES,COLEGIO MIXTO DE EDUCACION MEDIA CON ORIENTACION UNIVERSITARIA,SANTA ELENA,79262349,LILIN MELISA HERRERA ORREGO,ESPERANZA TRINIDAD GӍEZ AYALA,DIVERSIFICADO,PRIVADO,URBANA,CERRADA DEFINITIVAMENTE,MONOLINGUE,VESPERTINA,DIARIO(REGULAR),PETɎ,,
17-01-1049-46,,17-01-1025,PETEN,FLORES,"""LICEO MAYA""","3A. AVE. 1-77 ZONA 1 SANTA ELENA, FLORES, PETEN",46613691,LILIN MELISA HERRERA ORREGO,ALICIA BEATRIZ GONGORA INECO,DIVERSIFICADO,PRIVADO,URBANA,ABIERTA,MONOLINGUE,VESPERTINA,DIARIO(REGULAR),PETɎ,,
17-01-1119-46,,17-001,PETEN,FLORES,INSTITUTO PARTICULAR MIXTO CIENCIA Y DESARROLLO,SANTA ELENA,30136848,LILIN MELISA HERRERA ORREGO,RAFAEL MANUEL BALDIZӎ OZAETA,DIVERSIFICADO,PRIVADO,URBANA,CERRADA DEFINITIVAMENTE,MONOLINGUE,DOBLE,FIN DE SEMANA,PETɎ,,
17-01-1183-46,,,PETEN,FLORES,INEB ADSC. ESCUELA NORMAL RURAL NO. 5 'JULIO E. ROSADO',ALDEA SANTA ELENA,,,,DIVERSIFICADO,OFICIAL,URBANA,CERRADA DEFINITIVAMENTE,MONOLINGUE,MATUTINA,DIARIO(REGULAR),PETɎ,,
17-01-2295-46,,17-001,PETEN,FLORES,INSTITUTO COMERCIAL VILLA CONCEPCION,1A. AV. Y 2A. CALLE ZONA 2 BO. VILLA CONCEPCION,79248180,LILIN MELISA HERRERA ORREGO,JOSɠLUIS VELSQUEZ MONTENEGRO,DIVERSIFICADO,PRIVADO,RURAL,CERRADA TEMPORALMENTE,MONOLINGUE,VESPERTINA,DIARIO(REGULAR),PETɎ,,
17-01-2296-46,,17-001,PETEN,FLORES,CENTRO EDUCATIVO PETEN (CEP),BARRIO SANTA ELENA,79264913,LILIN MELISA HERRERA ORREGO,VERӎICA MILDRED MAS REYES,DIVERSIFICADO,PRIVADO,URBANA,CERRADA DEFINITIVAMENTE,MONOLINGUE,MATUTINA,DIARIO(REGULAR),PETɎ,,
17-01-2434-46,,17-01-1025,PETEN,FLORES,"""LICEO MODERNO EN COMPUTACION"" (LIMCO)","CALZADA VIRGILIO RODRIGUEZ MACAL 6-40 ZONA 2 SANTA ELENA DE LA CRUZ, FLORES PETEN.",79261015,LILIN MELISA HERRERA ORREGO,IRMA INOCENTA LӐEZ D́Z,DIVERSIFICADO,PRIVADO,URBANA,ABIERTA,MONOLINGUE,VESPERTINA,DIARIO(REGULAR),PETɎ,,
17-01-3316-46,,25-000,PETEN,FLORES,INSTITUTO GUATEMALTECA DE EDUCACION RADIOFONICA (IGER),,,SONIA HAYDEE REYES MONTERROSO,,DIVERSIFICADO,PRIVADO,URBANA,CERRADA TEMPORALMENTE,MONOLINGUE,MATUTINA,A DISTANCIA,PETɎ,,
17-01-3414-46,,17-01-1026,PETEN,FLORES,COLEGIO INTEGRADO DE EDUCACION PROFESIONAL DE PETEN (CIEPP),ALDEA IXLU,30628346,BRAULIO AMILCAR CHN TESUCڎ,LUBIA ROXANA JIMɎEZ RIVERA,DIVERSIFICADO,PRIVADO,RURAL,ABIERTA,MONOLINGUE,VESPERTINA,DIARIO(REGULAR),PETɎ,,
17-01-3415-46,,17-001,PETEN,FLORES,INSTITUTO NOCTURNO DE EDUCACION INTEGRAL,SANTA ELENA,,LILIN MELISA HERRERA ORREGO,--,DIVERSIFICADO,PRIVADO,URBANA,TEMPORAL TITULOS,MONOLINGUE,NOCTURNA,DIARIO(REGULAR),PETɎ,,
17-01-3447-46,,17-01-1025,PETEN,FLORES,ESCUELA NORMAL DE EDUCACION FISICA,COMPLEJO DEPORTIVO MAYA,36105564,LILIN MELISA HERRERA ORREGO,ROSBEL STANLY MORALES DE LEON,DIVERSIFICADO,OFICIAL,URBANA,ABIERTA,MONOLINGUE,DOBLE,DIARIO(REGULAR),PETɎ,,
17-01-3564-46,,17-001,PETEN,FLORES,"LICEO PETENERO EN CIENCIAS ADMINISTRATIVAS, RECURSOS NATURALES Y TURISMO","CALZADA RODRIGUEZ MACAL, SANTA ELENA",79260543,LILIN MELISA HERRERA ORREGO,,DIVERSIFICADO,PRIVADO,URBANA,CERRADA DEFINITIVAMENTE,MONOLINGUE,VESPERTINA,DIARIO(REGULAR),PETɎ,,
17-01-3567-46,,17-001,PETEN,FLORES,LICEO MODERNO EN COMPUTACION (LIMCO),CALZADA VIRGILIO RODRIGUEZ MACAL 6-40 ZONA 2 SANTA ELENA,79261015,LILIN MELISA HERRERA ORREGO,,DIVERSIFICADO,PRIVADO,URBANA,CERRADA TEMPORALMENTE,MONOLINGUE,MATUTINA,DIARIO(REGULAR),PETɎ,,
17-01-3568-46,,17-001,PETEN,FLORES,"LICEO PETENERO EN CIENCIAS ADMINISTRATIVAS, RECURSOS NATURALES Y TURISMO","CALZADA VIRGILIO RODRIGUEZ MACAL, FRENTE AL CAMPO DE LA FERIA ALDEA SANTA ELENA, FLORES",58160931,LILIN MELISA HERRERA ORREGO,,DIVERSIFICADO,PRIVADO,URBANA,CERRADA DEFINITIVAMENTE,MONOLINGUE,MATUTINA,DIARIO(REGULAR),PETɎ,,
17-01-3569-46,,17-001,PETEN,FLORES,"LICEO PETENERO EN CIENCIAS ADMINISTRATIVAS, RECURSOS NATURALES Y TURISMO","CALZADA VIRGILIO RODRIGUEZ MACAL, FRENTE AL CAMPO DE LA FERIA ALDEA SANTA ELENA, FLORES",58160931,LILIN MELISA HERRERA ORREGO,,DIVERSIFICADO,PRIVADO,URBANA,CERRADA DEFINITIVAMENTE,MONOLINGUE,VESPERTINA,DIARIO(REGULAR),PETɎ,,
17-01-3820-46,,17-001,PETEN,FLORES,INSTITUTO MIXTO DE EDUCACION FUNDAMENTAL IMEF,4A. AVENIDA Y 3A. CALLE ZONA 2,79248505,LILIN MELISA HERRERA ORREGO,MARIA ANDREA SOTO FUENTES,DIVERSIFICADO,PRIVADO,URBANA,CERRADA DEFINITIVAMENTE,MONOLINGUE,VESPERTINA,DIARIO(REGULAR),PETɎ,,
17-01-3821-46,,17-001,PETEN,FLORES,CENTRO EDUCATIVO MODELO,COLONIA MODELO ALDEA SANTA ELENA,59893637,LILIN MELISA HERRERA ORREGO,FRANCISCO VALENTIN SOZA,DIVERSIFICADO,PRIVADO,URBANA,CERRADA DEFINITIVAMENTE,MONOLINGUE,DOBLE,FIN DE SEMANA,PETɎ,,
17-01-3920-46,,17-004,PETEN,FLORES,ASOCIACION DE MAESTROS DE EDUCACION RURAL DE GUATEMALA (AMERG),13 AVENIDA Y 8A. CALLE ZONA 1,79263978,CARLOS MANUEL TESUCUN QUETZAL,,DIVERSIFICADO,PRIVADO,RURAL,CERRADA DEFINITIVAMENTE,BILINGUE,DOBLE,FIN DE SEMANA,PETɎ,,
17-01-3949-46,,17-01-1025,PETEN,FLORES,INSTITUTO TECNOLӇICO HOWARD W. HUNTER,"0 CALLE 0-65 ZONA 1 CALZADA VIRGILIO RODR͇UEZ MACAL, SANTA ELENA DE LA CRUZ",79262016,LILIN MELISA HERRERA ORREGO,OLGA MARINA VɌIZ PALENCIA,DIVERSIFICADO,PRIVADO,URBANA,ABIERTA,MONOLINGUE,DOBLE,DIARIO(REGULAR),PETɎ,,
17-01-3993-46,,17-01-1025,PETEN,FLORES,CENTRO EDUCATIVO PETEN-CEP-,SANTA ELENA DE LA CRUZ,42509151,LILIN MELISA HERRERA ORREGO,KARLA YAMILETH NJERA ARIAS,DIVERSIFICADO,PRIVADO,URBANA,ABIERTA,MONOLINGUE,VESPERTINA,DIARIO(REGULAR),PETɎ,,
17-01-3998-46,,17-001,PETEN,FLORES,INSTITUTO MIXTO DE EDUCACION FUNDAMENTAL IMEF,4A. AV. Y 3A. CALLE ZONA 2,79248505,LILIN MELISA HERRERA ORREGO,ESTHER NOEMI PINELO RAM͒EZ,DIVERSIFICADO,PRIVADO,URBANA,CERRADA DEFINITIVAMENTE,MONOLINGUE,DOBLE,FIN DE SEMANA,PETɎ,,
17-01-4075-46,,17-030,PETEN,FLORES,INSTITUTO MIXTO DE EDUCACION FUNDAMENTAL IMEF,"4. AVENIDA 3RA CALLE ZONA 2, SANTA ELENA, FLORES",79248505,RODOLFO MEDINA,ESTHER NOEMI PINELO RAM͒EZ,DIVERSIFICADO,PRIVADO,URBANA,CERRADA DEFINITIVAMENTE,MONOLINGUE,DOBLE,FIN DE SEMANA,PETɎ,,
17-01-4102-46,,17-001,PETEN,FLORES,COOPERACION MESOAMERICANA PARA EL DESARROLLO Y LA PAZ -COMADEP-,ALDEA SANTA ELENA DE LA CRUZ,78210006,LILIN MELISA HERRERA ORREGO,BARBARA JULIA IVONE LOPEZ VARGAS,DIVERSIFICADO,PRIVADO,RURAL,TEMPORAL TITULOS,BILINGUE,DOBLE,A DISTANCIA,PETɎ,,
17-01-4142-46,,17-016,PETEN,FLORES,COLEGIO MIXTO CRISTIANO REY DE REYES,CABECERA MUNICIPAL,,OCTAVIO LONE GUERRA,,DIVERSIFICADO,PRIVADO,URBANA,CERRADA DEFINITIVAMENTE,MONOLINGUE,VESPERTINA,DIARIO(REGULAR),PETɎ,,
17-02-0003-46,,17-02-1027,PETEN,SAN JOSE,"ESCUELA ECOLOGICA ""SAN JOSE""",BARRIO NORTE,42479181,LILIA SAUDITA SUNTECUN CHAN,MARLENY ESMERALDA CHAN TESUCUN,DIVERSIFICADO,PRIVADO,URBANA,ABIERTA,MONOLINGUE,VESPERTINA,DIARIO(REGULAR),PETɎ,,
17-02-0011-46,,17-002,PETEN,SAN JOSE,"ESCUELA PRIVADA DE MAGISTERIO ""SAN JOSɢ",BARRIO VISTA LAGO,59882736,LILIA SAUDITA SUNTECUN CHAN,ARELI MAGALI CHAN TESUCڎ,DIVERSIFICADO,PRIVADO,URBANA,ABIERTA,MONOLINGUE,VESPERTINA,DIARIO(REGULAR),PETɎ,,
17-02-0013-46,,17-02-1027,PETEN,SAN JOSE,INSTITUTO NACIONAL DE EDUCACION DIVERSIFICADA,BARRIO EL PROGRESO,47514190,LILIA SAUDITA SUNTECUN CHAN,CARLITA ALICIA DELGADO GARĆ,DIVERSIFICADO,OFICIAL,URBANA,ABIERTA,MONOLINGUE,MATUTINA,DIARIO(REGULAR),PETɎ,,
17-02-0015-46,,17-02-1027,PETEN,SAN JOSE,INED INSTITUTO NACIONAL DE EDUCACIӎ DIVERSIFICADA,CASER͏ SAN PEDRO,48827243,LILIA SAUDITA SUNTECUN CHAN,,DIVERSIFICADO,OFICIAL,RURAL,ABIERTA,MONOLINGUE,VESPERTINA,DIARIO(REGULAR),PETɎ,,
17-02-2382-46,,,PETEN,SAN JOSE,INSTITUTO MUNICIPAL DE BACHILLERATO EN CIENCIAS Y LETRAS,,,,,DIVERSIFICADO,MUNICIPAL,URBANA,CERRADA DEFINITIVAMENTE,MONOLINGUE,NOCTURNA,DIARIO(REGULAR),PETɎ,,
17-02-3565-46,,17-003,PETEN,SAN JOSE,"ESCUELA PRIVADA DE MAGISTERIO ""SAN JOSɢ",BARRIO EL PROGRESO,42479181,JUAN ANTONIO REQUENA COCӎ,---,DIVERSIFICADO,PRIVADO,URBANA,CERRADA TEMPORALMENTE,MONOLINGUE,VESPERTINA,DIARIO(REGULAR),PETɎ,,
17-03-0001-46,,17-004,PETEN,SAN BENITO,"CENTRO EDUCATIVO CRISTIANO CON ORIENTACION UNIVERSITARIA ""EL SHADDAI""",BARRIO EL PORVENIR,79263476,CARLOS MANUEL TESUCUN QUETZAL,ELDER ENRIQUE BURELO SOZA,DIVERSIFICADO,PRIVADO,URBANA,CERRADA DEFINITIVAMENTE,MONOLINGUE,MATUTINA,DIARIO(REGULAR),PETɎ,,
17-03-0002-46,,17-03-1028,PETEN,SAN BENITO,"CENTRO EDUCATIVO CRISTIANO CON ORIENTACION UNIVERSITARIA ""EL SHADDAI""",BARRIO EL PORVENIR 5 CALLE Y 2AV. SAN BENITO,79263476,LUZMIN YAMILETH PIRIR AYALA,DAYSI FABIOLA LOPEZ SARCEя,DIVERSIFICADO,PRIVADO,URBANA,ABIERTA,MONOLINGUE,MATUTINA,DIARIO(REGULAR),PETɎ,,
17-03-0006-46,,17-003,PETEN,SAN BENITO,"CENTRO EDUCATIVO ""BETHANIA""",6A. CALLE ZONA 4 BARRIO LA PAZ,78238216,JUAN ANTONIO REQUENA COCӎ,JORGE ONAN MENDEZ DIAZ,DIVERSIFICADO,PRIVADO,URBANA,ABIERTA,MONOLINGUE,VESPERTINA,DIARIO(REGULAR),PETɎ,,
17-03-0007-46,,17-004,PETEN,SAN BENITO,"""CENTRO DE FORMACION PROFESIONAL DE PETEN""",COLONIA ITZA,79248279,CARLOS MANUEL TESUCUN QUETZAL,---,DIVERSIFICADO,PRIVADO,RURAL,CERRADA TEMPORALMENTE,BILINGUE,DOBLE,FIN DE SEMANA,PETɎ,,
17-03-0024-46,,17-004,PETEN,SAN BENITO,INSTITUTO NACIONAL DE EDUCACION DIVERSIFICADA,BARRIO TIKAL,,CARLOS MANUEL TESUCUN QUETZAL,---,DIVERSIFICADO,OFICIAL,RURAL,CERRADA DEFINITIVAMENTE,MONOLINGUE,VESPERTINA,DIARIO(REGULAR),PETɎ,,
17-03-0025-46,,17-03-1029,PETEN,SAN BENITO,INSTITUTO NACIONAL DE EDUCACION DIVERSIFICADA,COLONIA ITZA,38140750,JUAN ANTONIO REQUENA COCӎ,EDVIN FIDEL CORADO REVOLORIO,DIVERSIFICADO,OFICIAL,RURAL,ABIERTA,MONOLINGUE,VESPERTINA,DIARIO(REGULAR),PETɎ,,
17-03-0026-46,,17-003,PETEN,SAN BENITO,INSTITUTO NACIONAL DE EDUCACION DIVERSIFICADA,BARRIO TIKAL,59979542,JUAN ANTONIO REQUENA COCӎ,ALMA DELIA CHUN AREVALO,DIVERSIFICADO,OFICIAL,RURAL,CERRADA DEFINITIVAMENTE,MONOLINGUE,VESPERTINA,DIARIO(REGULAR),PETɎ,,
17-03-0038-46,,17-004,PETEN,SAN BENITO,CENTRO EDUCATIVO CRISTIANO ADONAI,"3A. AVENIDA 5-60 ENTRE 4A. Y 5A. CALLE, ZONA 6 BARRIO EL PORVENIR",79260763,CARLOS MANUEL TESUCUN QUETZAL,CARLOS GILBERTO AGUILAR SANDOVAL,DIVERSIFICADO,PRIVADO,RURAL,CERRADA TEMPORALMENTE,MONOLINGUE,MATUTINA,DIARIO(REGULAR),PETɎ,,
17-03-0042-46,,17-049,PETEN,SAN BENITO,COLEGIO MIXTO PRIVADO SAN PEDRO,BARRIO 3 DE ABRIL,58840910,CLAUDIA LUCRECIA ROSALES PECHE,ALVARO NOLASCO TRUJILLO CORZO,DIVERSIFICADO,PRIVADO,URBANA,CERRADA TEMPORALMENTE,MONOLINGUE,MATUTINA,DIARIO(REGULAR),PETɎ,,
17-03-0044-46,,17-038,PETEN,SAN BENITO,INSTITUTO MIXTO DE EDUCACION BILINGUE INTERCULTURAL -IMEBI- SAN BENITO,SAN BENITO,58059364,FILIBERTO FIDEL PEREZ DE LEON,MANUEL TRINIDAD BURGOS PAZ,DIVERSIFICADO,PRIVADO,RURAL,CERRADA TEMPORALMENTE,BILINGUE,DOBLE,FIN DE SEMANA,PETɎ,,
17-03-0071-46,,17-004,PETEN,SAN BENITO,CENTRO EDUCATIVO LA PATRIA -CEPATRIA-,"1A. AVENIDA ""B"" 17-47, ZONA 1, BARRIO ""3 DE ABRIL""",79263506,CARLOS MANUEL TESUCUN QUETZAL,CARLOS MANUEL MORALES MAR,DIVERSIFICADO,PRIVADO,URBANA,CERRADA TEMPORALMENTE,MONOLINGUE,VESPERTINA,DIARIO(REGULAR),PETɎ,,
17-03-0072-46,,17-003,PETEN,SAN BENITO,LICEO NUEVO PANORAMA,BARRIO NUEVO PANORAMA,53540926,JUAN ANTONIO REQUENA COCӎ,VIVIAN NICTɠBALDIZӎ CASTELLANOS,DIVERSIFICADO,PRIVADO,URBANA,CERRADA DEFINITIVAMENTE,MONOLINGUE,MATUTINA,DIARIO(REGULAR),PETɎ,,
17-03-0079-46,,17-030,PETEN,SAN BENITO,"CENTRO EDUCATIVO CRISTIANO CON ORIENTACIӎ UNIVERSITARIA ""EL SHADDAI""","5TA. CALLE Y 2DA. AVENIDA, BARRIO EL PORVENIR",79263476,RODOLFO MEDINA,HUSWER LANDREWS SARCEя MARTINEZ,DIVERSIFICADO,PRIVADO,URBANA,CERRADA DEFINITIVAMENTE,MONOLINGUE,DOBLE,FIN DE SEMANA,PETɎ,,
17-03-0084-46,,17-049,PETEN,SAN BENITO,LICEO CRISTIANO BILINGUE JEHOVA JIREH,3RA.AV.5-60 BARRIO PORVENIR,586577,CLAUDIA LUCRECIA ROSALES PECHE,MAYLIN YERENI HERNANDEZ CORADO DE BIN,DIVERSIFICADO,PRIVADO,URBANA,CERRADA TEMPORALMENTE,MONOLINGUE,VESPERTINA,DIARIO(REGULAR),PETɎ,,
17-03-0085-46,,17-049,PETEN,SAN BENITO,LICEO CRISTIANO BILINGUE JEHOVA JIREH,3RA.AV.5-60 BARRIO PORVENIR,586577,CLAUDIA LUCRECIA ROSALES PECHE,MAYLI YIRENI HERNANDEZ CORADO DE BIN,DIVERSIFICADO,PRIVADO,URBANA,CERRADA TEMPORALMENTE,MONOLINGUE,VESPERTINA,DIARIO(REGULAR),PETɎ,,
17-03-0088-46,,17-03-1029,PETEN,SAN BENITO,CENTRO EDUCATIVO PRIVADO MIXTO DE EDUCACION BSICA Y DIVERSIFICADO-CEPMEBYD,COLONIA H VISTAE HERMOSA,56903019,JUAN ANTONIO REQUENA COCӎ,NORLIN ARIEL LӐEZ DUQUE,DIVERSIFICADO,PRIVADO,RURAL,ABIERTA,MONOLINGUE,VESPERTINA,DIARIO(REGULAR),PETɎ,,
17-03-0089-46,,17-03-1028,PETEN,SAN BENITO,CENTRO EDUCATIVO CRISTIANO CON ORIENTACION UNIVERSITARIA EL SHADDAI,BARRIO EL PORVENIR SAN BENITO,79263476,LUZMIN YAMILETH PIRIR AYALA,DAYSI FABIOLA LOPEZ SARCEя,DIVERSIFICADO,PRIVADO,URBANA,ABIERTA,MONOLINGUE,DOBLE,DIARIO(REGULAR),PETɎ,,
17-03-0094-46,,17-003,PETEN,SAN BENITO,LICEO INTEGRAL NUEVA GENERACION,BARRIO EL PEDREGAL,41821593,JUAN ANTONIO REQUENA COCӎ,MIGUEL ANGEL MEJIA FLORES,DIVERSIFICADO,PRIVADO,URBANA,ABIERTA,MONOLINGUE,VESPERTINA,DIARIO(REGULAR),PETɎ,,
17-03-0095-46,,17-03-1029,PETEN,SAN BENITO,COLEGIO MADRE ANTONIA LALIA HERMANAS DOMINICAS DE SAN SISTO VECCHIO,"CALZADA FRANCISCO JAVIER LӐEZ MARROQUIN 22-21, ZONA 9 COLONIA JUAREZ, SAN BENITO, PETEN",33812286,JUAN ANTONIO REQUENA COCӎ,ANGELA MERECI LEMUS MENDOZA,DIVERSIFICADO,PRIVADO,URBANA,ABIERTA,MONOLINGUE,MATUTINA,DIARIO(REGULAR),PETɎ,,
17-03-0098-46,,17-003,PETEN,SAN BENITO,LICEO INTEGRAL NUEVA GENERACION - LING-,BARRIO EL PEDREGAL,41821593,JUAN ANTONIO REQUENA COCӎ,MIGUEL ANGEL MEJIA FLORES,DIVERSIFICADO,PRIVADO,URBANA,ABIERTA,MONOLINGUE,DOBLE,FIN DE SEMANA,PETɎ,,
17-03-0099-46,,17-003,PETEN,SAN BENITO,LICEO INTEGRAL NUEVA GENERACION - LING-,BARRIO EL PEDREGAL,41821593,JUAN ANTONIO REQUENA COCӎ,MIGUEL ANGEL MEJIA FLORES,DIVERSIFICADO,PRIVADO,URBANA,ABIERTA,MONOLINGUE,DOBLE,FIN DE SEMANA,PETɎ,,
17-03-0101-46,,17-003,PETEN,SAN BENITO,COLEGIO CRISTIANO BILINGUE MANANTIAL,COLONIA TIKAL,59374505,JUAN ANTONIO REQUENA COCӎ,NIVIA ADALY LARIOS PRADO,DIVERSIFICADO,PRIVADO,URBANA,CERRADA TEMPORALMENTE,MONOLINGUE,VESPERTINA,DIARIO(REGULAR),PETɎ,,
17-03-0102-46,,17-03-1028,PETEN,SAN BENITO,COLEGIO ADVENTISTA DE PETɎ,"18 CALLE 1A. ZONA 1 SAN BENITO, PETEN",79263234,LUZMIN YAMILETH PIRIR AYALA,EVELYN MARISOL HERNNDEZ COLLͼ/td>,DIVERSIFICADO,PRIVADO,URBANA,ABIERTA,MONOLINGUE,MATUTINA,DIARIO(REGULAR),PETɎ,,
17-03-0104-46,,17-03-1029,PETEN,SAN BENITO,CENTRO EDUCATIVO CRISTIANO ADONAI,BARRIIO SAN JUAN,42549357,JUAN ANTONIO REQUENA COCӎ,EDWIN NOɠMARROQU͎ HERNNDEZ,DIVERSIFICADO,PRIVADO,URBANA,ABIERTA,MONOLINGUE,DOBLE,FIN DE SEMANA,PETɎ,,
17-03-0105-46,,17-030,PETEN,SAN BENITO,CENTRO EDUCATIVO CRISTIANO ADONAI,BARRIO SAN JUAN,42549357,RODOLFO MEDINA,EDWIN NOɠMARROQU͎ HERNNDEZ,DIVERSIFICADO,PRIVADO,URBANA,CERRADA DEFINITIVAMENTE,MONOLINGUE,DOBLE,FIN DE SEMANA,PETɎ,,
17-03-0111-46,,17-03-1029,PETEN,SAN BENITO,INSTITUTO MIXTO PRIVADO EDUCATIVO DE BACHILLERATO IMPEB,BARRIO VISTA HERMOSA,55357427,JUAN ANTONIO REQUENA COCӎ,FERNANDO RAFAEL LEAL CӒDOVA,DIVERSIFICADO,PRIVADO,RURAL,ABIERTA,MONOLINGUE,DOBLE,FIN DE SEMANA,PETɎ,,
17-03-0112-46,,17-030,PETEN,SAN BENITO,INSTITUTO MIXTO PRIVADO DE BACHILLERATO IMPEB,BARRIO VISTA HERMOSA,59483938,RODOLFO MEDINA,ANA JUDITH NAJERA SOLIS,DIVERSIFICADO,PRIVADO,RURAL,CERRADA DEFINITIVAMENTE,MONOLINGUE,DOBLE,FIN DE SEMANA,PETɎ,,
17-03-0113-46,,17-03-1029,PETEN,SAN BENITO,CENTRO EDUCATIVO CRISTIANO ADONAI,BARRIO SAN JUAN,42549357,JUAN ANTONIO REQUENA COCӎ,EDWIN NOɠMARROQU͎ HERNNDEZ,DIVERSIFICADO,PRIVADO,RURAL,ABIERTA,MONOLINGUE,DOBLE,FIN DE SEMANA,PETɎ,,
17-03-0115-46,,17-03-1028,PETEN,SAN BENITO,"LICEO DE CIENCIAS TECNICAS ""EL REDENTOR""",BARRIO 3 DE ABRIL,47981031,LUZMIN YAMILETH PIRIR AYALA,MIGUEL ANGEL MEJIA FLORES,DIVERSIFICADO,PRIVADO,URBANA,ABIERTA,MONOLINGUE,DOBLE,FIN DE SEMANA,PETɎ,,
17-03-0116-46,,17-030,PETEN,SAN BENITO,"LICEO DE CIENCIAS TECNICAS ""EL REDENTOR""",BARRIO 3 DDE ABRIL,48274081,RODOLFO MEDINA,RODOLFO MEDINA,DIVERSIFICADO,PRIVADO,RURAL,CERRADA DEFINITIVAMENTE,MONOLINGUE,DOBLE,FIN DE SEMANA,PETɎ,,
17-03-0120-46,,17-03-1028,PETEN,SAN BENITO,COLEGIO PRIVADO MIXTO EL FORMADOR,BARRIO 3 DE ABRIL,41670768,LUZMIN YAMILETH PIRIR AYALA,JUAN CARLOS MONZON LUTIN,DIVERSIFICADO,PRIVADO,URBANA,ABIERTA,MONOLINGUE,DOBLE,FIN DE SEMANA,PETɎ,,
17-03-0121-46,,17-03-1028,PETEN,SAN BENITO,COLEGIO PRIVADO MIXTO EL FORMADOR,BARRIO 3 DE ABRIL,4167076,LUZMIN YAMILETH PIRIR AYALA,JUAN CARLOS MONZON LUTIN,DIVERSIFICADO,PRIVADO,URBANA,ABIERTA,MONOLINGUE,DOBLE,FIN DE SEMANA,PETɎ,,
17-03-0124-46,,17-03-1029,PETEN,SAN BENITO,INSTITUTO NACIONAL DE EDUCACION DIVERSIFICADA,"BARRIO VALLE NUEVO, SAN BENITO, PETɎ",42357057,JUAN ANTONIO REQUENA COCӎ,HEIPOLITO MISAEL AGUILAR HERNANDEZ,DIVERSIFICADO,OFICIAL,RURAL,ABIERTA,MONOLINGUE,MATUTINA,DIARIO(REGULAR),PETɎ,,
17-03-0128-46,,17-03-1028,PETEN,SAN BENITO,CENTRO EDUCATIVO CRISTIANO CON ORIENTACION UNIVERSITARIA EL SHADDAI,BARRIO EL PORVENIR,79263476,LUZMIN YAMILETH PIRIR AYALA,HUSWER LANDREWS SARCEя MARTINEZ,DIVERSIFICADO,PRIVADO,URBANA,ABIERTA,MONOLINGUE,SIN JORNADA,SEMIPRESENCIAL (UN D́ A LA SEMANA),PETɎ,,
17-03-0130-46,,17-03-1029,PETEN,SAN BENITO,INSTITUTO MIXTO PRIVADO EDUCATIVO DE BACHILLERATO IMPEB,BARRIO VISTA HERMOSA,55357427,JUAN ANTONIO REQUENA COCӎ,FERNANDO RAFAEL LEAL CӒDOVA,DIVERSIFICADO,PRIVADO,RURAL,ABIERTA,MONOLINGUE,SIN JORNADA,SEMIPRESENCIAL (UN D́ A LA SEMANA),PETɎ,,
17-03-0131-46,,17-003,PETEN,SAN BENITO,LICEO PALERMO,17 CALLE 5-62 ZONA 1,79262965,JUAN ANTONIO REQUENA COCӎ,MANUEL TRINIDAD BURGOS PAZ,DIVERSIFICADO,PRIVADO,URBANA,ABIERTA,MONOLINGUE,SIN JORNADA,SEMIPRESENCIAL (UN D́ A LA SEMANA),PETɎ,,
17-03-0134-46,,17-03-1029,PETEN,SAN BENITO,CENTRO EDUCATIVO PRIVADO MIXTO DE EDUCACIӎ BSICA Y DIVERSIFICADO-CEPMEBYD-,COLONIA VISTA HERMOSA,56903019,JUAN ANTONIO REQUENA COCӎ,NORLIN ARIEL LӐEZ DUQUE,DIVERSIFICADO,PRIVADO,URBANA,ABIERTA,MONOLINGUE,VESPERTINA,DIARIO(REGULAR),PETɎ,,
17-03-0135-46,,17-03-1028,PETEN,SAN BENITO,CENTRO EDUCACIONAL DE CIENCIAS CONTABLES-CECON,BARRIO LA ERMITA,31272478,LUZMIN YAMILETH PIRIR AYALA,MIGUEL ANGEL GӎGORA PINELO,DIVERSIFICADO,PRIVADO,RURAL,ABIERTA,MONOLINGUE,SIN JORNADA,SEMIPRESENCIAL (UN D́ A LA SEMANA),PETɎ,,
17-03-0139-46,,17-03-1028,PETEN,SAN BENITO,CENTRO EDUCATIVO POR MADUREZ PROFA. MILDRED GUADALUPE AGUILAR MELɎDEZ,BARRIIO 3 DE ABRIL,36850553,LUZMIN YAMILETH PIRIR AYALA,CARLOS ERWIN MIS REQUENA,DIVERSIFICADO,PRIVADO,URBANA,ABIERTA,MONOLINGUE,SIN JORNADA,SEMIPRESENCIAL (UN D́ A LA SEMANA),PETɎ,,
17-03-0141-46,,17-03-1028,PETEN,SAN BENITO,COLEGIO PRIVADO MIXTO EL FORMADOR,BARRIO 3 DE ABRIL,41670768,LUZMIN YAMILETH PIRIR AYALA,JUAN CARLOS MONZӎ LUTIN,DIVERSIFICADO,PRIVADO,URBANA,ABIERTA,MONOLINGUE,SIN JORNADA,SEMIPRESENCIAL (UN D́ A LA SEMANA),PETɎ,,
17-03-0143-46,,17-03-1029,PETEN,SAN BENITO,CENTRO EDUCATIVO CRISTIANO ADONAI,BARRIO SAN JUAN,42549357,JUAN ANTONIO REQUENA COCӎ,EDWIN NOɠMARROQU͎ HERNNDEZ,DIVERSIFICADO,PRIVADO,RURAL,ABIERTA,MONOLINGUE,SIN JORNADA,SEMIPRESENCIAL (UN D́ A LA SEMANA),PETɎ,,
17-03-0145-46,,17-03-1028,PETEN,SAN BENITO,LICEO DE CIENCIAS TɃNICAS EL REDENTOR,BARRIO 3 DE ABRIL,47981031,LUZMIN YAMILETH PIRIR AYALA,MIGUEL ANGEL MEJIA FLORES,DIVERSIFICADO,PRIVADO,URBANA,ABIERTA,MONOLINGUE,SIN JORNADA,SEMIPRESENCIAL (UN D́ A LA SEMANA),PETɎ,,
17-03-0146-46,,17-03-1028,PETEN,SAN BENITO,CENTRO EDUCACIONAL DE CIENCIAS CONTABLES -CECCON-,BARRIO LA ERMITA,3127247,LUZMIN YAMILETH PIRIR AYALA,MIGUEL ANGEL GӎGORA PINELO,DIVERSIFICADO,PRIVADO,URBANA,ABIERTA,MONOLINGUE,DOBLE,FIN DE SEMANA,PETɎ,,
17-03-0147-46,,17-03-1028,PETEN,SAN BENITO,INED INSTITUTO NACIONAL DE EDUCACION DIVERSIFICADA,ALDEA SAN ANTONIO,47409660,LUZMIN YAMILETH PIRIR AYALA,,DIVERSIFICADO,OFICIAL,RURAL,ABIERTA,MONOLINGUE,VESPERTINA,DIARIO(REGULAR),PETɎ,,
17-03-0482-46,,17-004,PETEN,SAN BENITO,"COLEGIO VOCACIONAL DE MAESTRAS PARA PARVULOS ""SANTA FE""",BARRIO 3 DE ABRIL,79260308,CARLOS MANUEL TESUCUN QUETZAL,,DIVERSIFICADO,PRIVADO,URBANA,CERRADA DEFINITIVAMENTE,MONOLINGUE,VESPERTINA,DIARIO(REGULAR),PETɎ,,
17-03-1052-46,,17-004,PETEN,SAN BENITO,CENTRO EDUCACIONAL DE CIENCIAS CONTABLES CECCON,3A. AVE. 5-38 ZONA 1,79261314,CARLOS MANUEL TESUCUN QUETZAL,---,DIVERSIFICADO,PRIVADO,URBANA,CERRADA TEMPORALMENTE,MONOLINGUE,NOCTURNA,DIARIO(REGULAR),PETɎ,,
17-03-1053-46,,,PETEN,SAN BENITO,INSTITUTO PARTICULAR MIXTO DE EDUCACION MEDIA (PLAN SABATINO),,,,,DIVERSIFICADO,PRIVADO,URBANA,CERRADA DEFINITIVAMENTE,MONOLINGUE,DOBLE,FIN DE SEMANA,PETɎ,,
17-03-2236-46,,17-004,PETEN,SAN BENITO,COLEGIO RABY BATAB,COLONIA ITZA,,CARLOS MANUEL TESUCUN QUETZAL,RODOLFO MEDINA,DIVERSIFICADO,PRIVADO,URBANA,CERRADA TEMPORALMENTE,MONOLINGUE,VESPERTINA,DIARIO(REGULAR),PETɎ,,
17-03-2249-46,,,PETEN,SAN BENITO,COLEGIO PRIVADO MIXTO 'RABY BATAB',COLONIA ITZA,,,,DIVERSIFICADO,PRIVADO,URBANA,CERRADA DEFINITIVAMENTE,MONOLINGUE,VESPERTINA,DIARIO(REGULAR),PETɎ,,
17-03-2832-46,,17-030,PETEN,SAN BENITO,LICEO PALERMO,16 CALLE 5-62 ZONA 1,79262965,RODOLFO MEDINA,MANUEL TRINIDAD BURGOS PAZ,DIVERSIFICADO,PRIVADO,URBANA,ABIERTA,MONOLINGUE,VESPERTINA,DIARIO(REGULAR),PETɎ,,
17-03-2833-46,,17-004,PETEN,SAN BENITO,LICEO PALERMO,16 CALLE 7-40 ZONA 1,,CARLOS MANUEL TESUCUN QUETZAL,-,DIVERSIFICADO,PRIVADO,URBANA,CERRADA TEMPORALMENTE,MONOLINGUE,MATUTINA,DIARIO(REGULAR),PETɎ,,
17-03-2834-46,,17-005,PETEN,SAN BENITO,LICEO PALERMO,16 CALLE 7-50 ZONA 1,79262965,LUZMIN YAMILETH PIRIR AYALA DE NAJARRO,MANUEL TRINIDAD BURGOS PAZ,DIVERSIFICADO,PRIVADO,URBANA,ABIERTA,MONOLINGUE,DOBLE,FIN DE SEMANA,PETɎ,,
17-03-2837-46,,17-030,PETEN,SAN BENITO,CENTRO EDUCACIONAL DE CIENCIAS CONTABLES CECCON,2A. AVE. 5-33 ZONA 1,79252567,RODOLFO MEDINA,MIGUEL ANGEL GӎGORA PINELO,DIVERSIFICADO,PRIVADO,URBANA,ABIERTA,MONOLINGUE,VESPERTINA,DIARIO(REGULAR),PETɎ,,
17-03-2981-46,,,PETEN,SAN BENITO,COLEGIO RABY BATAB,BARRIO VALLE NUEVO,,,,DIVERSIFICADO,PRIVADO,URBANA,CERRADA DEFINITIVAMENTE,MONOLINGUE,VESPERTINA,DIARIO(REGULAR),PETɎ,,
17-03-3503-46,,17-004,PETEN,SAN BENITO,COLEGIO CIENTIFICO INTEGRAL,BARRIO VALLE NUEVO,79262586,CARLOS MANUEL TESUCUN QUETZAL,,DIVERSIFICADO,PRIVADO,URBANA,CERRADA DEFINITIVAMENTE,MONOLINGUE,MATUTINA,DIARIO(REGULAR),PETɎ,,
17-03-3718-46,,17-030,PETEN,SAN BENITO,LICEO PALERMO,16 CALLE 7-50 ZONA 1,79262965,RODOLFO MEDINA,MANUEL TRINIDAD BURGOS PAZ,DIVERSIFICADO,PRIVADO,URBANA,CERRADA DEFINITIVAMENTE,MONOLINGUE,DOBLE,FIN DE SEMANA,PETɎ,,
17-03-3827-46,,17-003,PETEN,SAN BENITO,COLEGIO SAGRADA FAMILIA,"0 AVENIDA, CALZADA VIRGILIO RODRIGUEZ MACAL",79261054,JUAN ANTONIO REQUENA COCӎ,JENNIE ASTRID SALAZAR PAZ,DIVERSIFICADO,PRIVADO,URBANA,CERRADA DEFINITIVAMENTE,MONOLINGUE,MATUTINA,DIARIO(REGULAR),PETɎ,,
17-03-3828-46,,17-004,PETEN,SAN BENITO,INSTITUTO TECNOLOGICO 'HOWARD W. HUNTER',BARRIO 3 DE ABRIL,55146014,CARLOS MANUEL TESUCUN QUETZAL,,DIVERSIFICADO,PRIVADO,URBANA,CERRADA DEFINITIVAMENTE,MONOLINGUE,VESPERTINA,DIARIO(REGULAR),PETɎ,,
17-03-3830-46,,17-038,PETEN,SAN BENITO,INSTITUTO TECNICO DE EDUCACION MEDIA DE PETEN,"3A. CALLE ENTRE 8A. Y 11A. AVENIDA ZONA 4, BARRIO TIKAL",79260713,FILIBERTO FIDEL PEREZ DE LEON,,DIVERSIFICADO,OFICIAL,URBANA,CERRADA DEFINITIVAMENTE,MONOLINGUE,DOBLE,DIARIO(REGULAR),PETɎ,,
17-03-3831-46,,17-030,PETEN,SAN BENITO,CENTRO EDUCACIONAL DE CIENCIAS CONTABLES CECCON (POR MADUREZ),BARRIO LA ERMITA,79252567,RODOLFO MEDINA,MIGUEL ANGEL GӎGORA PINELO,DIVERSIFICADO,PRIVADO,URBANA,CERRADA DEFINITIVAMENTE,MONOLINGUE,DOBLE,FIN DE SEMANA,PETɎ,,
17-03-3832-46,,17-003,PETEN,SAN BENITO,CENTRO EDUCACIONAL DE CIENCIAS CONTABLES CECCON,BARRIO LA ERMITA,79262567,JUAN ANTONIO REQUENA COCӎ,MIGUEL ANGEL GӎGORA PINELO,DIVERSIFICADO,PRIVADO,URBANA,ABIERTA,MONOLINGUE,MATUTINA,DIARIO(REGULAR),PETɎ,,
17-03-3833-46,,17-004,PETEN,SAN BENITO,"LICEO PETENERO EN CIENCIAS ADMINISTRATIVAS, RECURSOS NATURALES Y TURISMO",BARRIO PLAYA BLANCA,79262836,CARLOS MANUEL TESUCUN QUETZAL,,DIVERSIFICADO,PRIVADO,URBANA,CERRADA DEFINITIVAMENTE,MONOLINGUE,DOBLE,FIN DE SEMANA,PETɎ,,
17-03-3834-46,,17-004,PETEN,SAN BENITO,"LICEO PETENERO EN CIENCIAS ADMINISTRATIVAS, RECURSOS NATURALES Y TURISMO",BARRIO PLAYA BLANCA,79262836,CARLOS MANUEL TESUCUN QUETZAL,..,DIVERSIFICADO,PRIVADO,URBANA,CERRADA DEFINITIVAMENTE,MONOLINGUE,MATUTINA,DIARIO(REGULAR),PETɎ,,
17-03-3881-46,,17-004,PETEN,SAN BENITO,ESCUELA DE CIENCIAS COMERCIALES SAN ANTONIO DE PADUA,8A. AV. 25 CALLE BARRIO VALLE NUEVO,,CARLOS MANUEL TESUCUN QUETZAL,--,DIVERSIFICADO,PRIVADO,URBANA,CERRADA DEFINITIVAMENTE,MONOLINGUE,VESPERTINA,DIARIO(REGULAR),PETɎ,,
17-03-3992-46,,17-003,PETEN,SAN BENITO,"CENTRO EDUCATIVO CRISTIANO CON ORIENTACION UNIVERSITARIA ""EL SHADDAI""",BARRIO EL PORVENIR 5 CALLE Y 2AV.,79263476,JUAN ANTONIO REQUENA COCӎ,CASTA TANAIRI MORE FLORES,DIVERSIFICADO,PRIVADO,URBANA,ABIERTA,MONOLINGUE,MATUTINA,DIARIO(REGULAR),PETɎ,,
17-03-3996-46,,17-03-1028,PETEN,SAN BENITO,CENTRO EDUCATIVO POR MADUREZ PROFA. MILDRED GUADALUPE AGUILAR MELENDEZ CEPMMA,BARRIO 3 DE ABRIL,36850553,LUZMIN YAMILETH PIRIR AYALA,CARLOS ERWIN MIS REQUENA,DIVERSIFICADO,PRIVADO,URBANA,ABIERTA,MONOLINGUE,DOBLE,FIN DE SEMANA,PETɎ,,
17-03-3997-46,,17-030,PETEN,SAN BENITO,CENTRO EDUCCATIVO POR MADUREZ. PROFA. MILDRED GUADALUPE AGUILAR MELENDEZ,BARRIO 3 DE ABRIL,36850553,RODOLFO MEDINA,CARLOS ERWIN MIS REQUENA,DIVERSIFICADO,PRIVADO,URBANA,CERRADA DEFINITIVAMENTE,MONOLINGUE,DOBLE,SEMIPRESENCIAL,PETɎ,,
17-03-4111-46,,17-03-1028,PETEN,SAN BENITO,CENTRO EDUCATIVO CRISTIANO CON ORIENTACION UNIVERSITARIA EL SHADDAI,BARRIO EL PORVENIR SAN BENITO,79263476,LUZMIN YAMILETH PIRIR AYALA,DAYSI FABIOLA LOPEZ SARCEя,DIVERSIFICADO,PRIVADO,RURAL,ABIERTA,MONOLINGUE,VESPERTINA,DIARIO(REGULAR),PETɎ,,
17-03-4112-46,,17-03-1028,PETEN,SAN BENITO,CENTRO EDUCATIVO CRISTIANO CON ORIENTACION UNIVERSITARIA EL SHADDAI,BARRIO EL PORVENIR SAN BENITO,79263476,LUZMIN YAMILETH PIRIR AYALA,HUSWER LANDREWS SARCEя MARTINEZ,DIVERSIFICADO,PRIVADO,RURAL,ABIERTA,MONOLINGUE,DOBLE,FIN DE SEMANA,PETɎ,,
17-03-4113-46,,17-03-1028,PETEN,SAN BENITO,CENTRO EDUCACIONAL DE CIENCIAS CONTABLES CECCON,"3A. AVENIDA 5-38 ZONA 1 BARRIO LA ERMITA SAN BENITO, PETEN",78425778,LUZMIN YAMILETH PIRIR AYALA,MIGUEL ANGEL GӎGORA PINELO,DIVERSIFICADO,PRIVADO,URBANA,ABIERTA,MONOLINGUE,DOBLE,FIN DE SEMANA,PETɎ,,
17-04-0002-46,,17-04-1031,PETEN,SAN ANDRES,INSTITUTO DE EDUCACION DIVERSIFICADO POR COOPERATIVA,ALDEA SACPUY,40080043,ERWIN DE JESړ SOZA MANZANERO,NOE AROLDO QUIXCHAN MORALES,DIVERSIFICADO,COOPERATIVA,RURAL,ABIERTA,MONOLINGUE,VESPERTINA,DIARIO(REGULAR),PETɎ,,
17-04-0083-46,,17-002,PETEN,SAN ANDRES,CENTRO EDUCATIVO DE FORMACION INTEGRAL -CEFI-,CASERIO CRUCE DOS AGUADAS,53196330,LILIA SAUDITA SUNTECUN CHAN,DELSI DAYBELIS ACUс ALVARADO,DIVERSIFICADO,PRIVADO,RURAL,CERRADA TEMPORALMENTE,MONOLINGUE,VESPERTINA,DIARIO(REGULAR),PETɎ,,
17-04-0085-46,,17-004,PETEN,SAN ANDRES,LICEO SANTA CRUZ,BARRIO NORTE SAN ANDRES,51623061,CARLOS MANUEL TESUCUN QUETZAL,TERESA DE JESUS CHI VANEGAS,DIVERSIFICADO,PRIVADO,URBANA,CERRADA TEMPORALMENTE,MONOLINGUE,VESPERTINA,DIARIO(REGULAR),PETɎ,,
17-04-0090-46,,17-004,PETEN,SAN ANDRES,"CENTRO EDUCATIVO ""THE JUNGLE SCHOOL""",RANCHO CORAZONES EN ACCIӎ KM. 11.5 CARRETERA CARMELITA,48623733,CARLOS MANUEL TESUCUN QUETZAL,ANA VERӎICA CAN VANEGAS,DIVERSIFICADO,PRIVADO,RURAL,CERRADA DEFINITIVAMENTE,MONOLINGUE,MATUTINA,DIARIO(REGULAR),PETɎ,,
17-04-0095-46,,17-002,PETEN,SAN ANDRES,"COLEGIO PRIVADO CON ORIENTACIӎ CRISTIANA ""LICEO EMANUEL""",CASERO CRUCE DOS AGUADAS.,44918380,LILIA SAUDITA SUNTECUN CHAN,JAIME ESTUARDO GONZLEZ MACHUCA,DIVERSIFICADO,PRIVADO,RURAL,CERRADA TEMPORALMENTE,MONOLINGUE,VESPERTINA,DIARIO(REGULAR),PETɎ,,
17-04-0098-46,,17-002,PETEN,SAN ANDRES,CENTRO EDUCATIVO DE FORMACION INTEGRAL-CEFI-,CASERIO CRUCE DOS AGUADAS,53196330,LILIA SAUDITA SUNTECUN CHAN,WILMER ACUс ALVARADO,DIVERSIFICADO,PRIVADO,RURAL,CERRADA DEFINITIVAMENTE,MONOLINGUE,DOBLE,FIN DE SEMANA,PETɎ,,
17-04-0099-46,,17-04-1030,PETEN,SAN ANDRES,CENTRO EDUCATIVO DE FORMACION INTEGRAL- CEFI-,CASERIO CRUCE DOS AGUADAS,46399109,MARBEL SUBIEL PANT͠TESUCڎ,WILMER ACUс ALVARADO,DIVERSIFICADO,PRIVADO,RURAL,ABIERTA,MONOLINGUE,DOBLE,FIN DE SEMANA,PETɎ,,
17-04-0103-46,,17-004,PETEN,SAN ANDRES,"COLEGIO ""LIDERES DEL MAсNA""",BARRIO COROZAL SACPUY,31807694,CARLOS MANUEL TESUCUN QUETZAL,EDUARDO LEMUS CUNIL,DIVERSIFICADO,PRIVADO,RURAL,ABIERTA,MONOLINGUE,DOBLE,FIN DE SEMANA,PETɎ,,
17-04-0104-46,,17-04-1030,PETEN,SAN ANDRES,INSTITUTO DE EDUCACIӎ DIVERSIFICADA,BARRIO NORTE,47952654,MARBEL SUBIEL PANT͠TESUCڎ,CARLOS MANUEL TESUCڎ QUETZAL,DIVERSIFICADO,PRIVADO,URBANA,ABIERTA,MONOLINGUE,VESPERTINA,DIARIO(REGULAR),PETɎ,,
17-04-0112-46,,17-004,PETEN,SAN ANDRES,CENTRO EDUCATIVO LIDERES DEL MAсNA,BARRIO COROZAL ALDEA SACPUY,53585684,CARLOS MANUEL TESUCUN QUETZAL,GEORGINA ELENA PANTY CANO,DIVERSIFICADO,PRIVADO,RURAL,ABIERTA,MONOLINGUE,DOBLE,FIN DE SEMANA,PETɎ,,
17-04-0116-46,,17-04-1030,PETEN,SAN ANDRES,INSTITUTO DE EDUCACION DIVERSIFICADA,CASERIO CRUCE DOS AGUADAS,58489945,MARBEL SUBIEL PANT͠TESUCڎ,OSCAR ROLANDO CAL Xͼ/td>,DIVERSIFICADO,PRIVADO,RURAL,ABIERTA,MONOLINGUE,VESPERTINA,DIARIO(REGULAR),PETɎ,,
17-04-0117-46,,17-04-1031,PETEN,SAN ANDRES,LICEO SACPUY -LISAC-,"BARRIO EL CENTRO, ALDEA SACPUY SAN ANDRɓ",31193946,ERWIN DE JESړ SOZA MANZANERO,WALKIRIA BERSABIT RAMOS PANTͼ/td>,DIVERSIFICADO,PRIVADO,RURAL,ABIERTA,MONOLINGUE,SIN JORNADA,SEMIPRESENCIAL (UN D́ A LA SEMANA),PETɎ,,
17-04-0119-46,,17-002,PETEN,SAN ANDRES,CENTRO EDUCATIVO DE FORMACION INTEGRAL-CEFI-,CASERIO CRUCE DOS AGUADAS,58180976,LILIA SAUDITA SUNTECUN CHAN,WILMER ACUс ALVARADO,DIVERSIFICADO,PRIVADO,RURAL,ABIERTA,MONOLINGUE,SIN JORNADA,SEMIPRESENCIAL (UN D́ A LA SEMANA),PETɎ,,
17-04-0122-46,,17-04-1031,PETEN,SAN ANDRES,LICEO SACPUY- LISAC-,BARRIO EL CENTRO ALDEA SACPUY SAN ANDRɓ,31193946,ERWIN DE JESړ SOZA MANZANERO,WALKIRIA BERSABIT RAMOS PANTͼ/td>,DIVERSIFICADO,PRIVADO,RURAL,ABIERTA,MONOLINGUE,DOBLE,FIN DE SEMANA,PETɎ,,
17-04-0124-46,,17-04-1031,PETEN,SAN ANDRES,COLEGIO TECNOLOGICO NUEVA GENERACION,ALDEA SACPUY,53585684,ERWIN DE JESړ SOZA MANZANERO,AURIA ADILENE VANEGAS QUETZAL,DIVERSIFICADO,PRIVADO,RURAL,ABIERTA,MONOLINGUE,DOBLE,FIN DE SEMANA,PETɎ,,
17-04-0129-46,,17-04-1030,PETEN,SAN ANDRES,INED INSTITUTO NACIONAL DE EDUCACIӎ DIVERSIFICADA,CASERIO CRUCE DOS AGUADAS,30118336,MARBEL SUBIEL PANT͠TESUCڎ,,DIVERSIFICADO,OFICIAL,RURAL,ABIERTA,MONOLINGUE,VESPERTINA,DIARIO(REGULAR),PETɎ,,
17-04-0130-46,,17-04-1031,PETEN,SAN ANDRES,INED INSTITUTO NACIONAL DE EDUCACIӎ DIVERSIFICADA,"CASER͏ CRUCE PERDIDO,",46256159,ERWIN DE JESړ SOZA MANZANERO,SAMANTHA VALESSKA CRUZ PANTI,DIVERSIFICADO,OFICIAL,RURAL,ABIERTA,MONOLINGUE,VESPERTINA,MIXTO,PETɎ,,
17-04-0132-46,,17-04-1032,PETEN,SAN ANDRES,INED INSTITUTO NACIONAL DE EDUCACIӎ DIVERSIFICADA,CASER͏ SANTA AMELIA,50432880,JOSɠANTONIO GAITAN VANEGAS,,DIVERSIFICADO,OFICIAL,RURAL,ABIERTA,MONOLINGUE,VESPERTINA,DIARIO(REGULAR),PETɎ,,
17-04-0133-46,,17-04-1030,PETEN,SAN ANDRES,"CENTRO EDUCATIVO PRIVADO ""29 DE AGOSTO""FE Y ALEGRIA NO. 39",BARRIO EL CENTRO,53214814,MARBEL SUBIEL PANT͠TESUCڎ,RODOLFO VALENTINO GARĆ IZQUIERDO,DIVERSIFICADO,PRIVADO,URBANA,ABIERTA,MONOLINGUE,VESPERTINA,DIARIO(REGULAR),PETɎ,,
17-04-0483-46,,,PETEN,SAN ANDRES,INSTITUTO PRIVADO MIXTO DE EDUCACION DIVERSIFICADA DE CIENCIAS COMERCIALES,,,,,DIVERSIFICADO,PRIVADO,URBANA,CERRADA TEMPORALMENTE,MONOLINGUE,VESPERTINA,DIARIO(REGULAR),PETɎ,,
17-04-2974-46,,,PETEN,SAN ANDRES,CENTRO DE FORMACION DE MAESTROS DE EDUCACION PRIMARIA URBANA,SAN ANDRES,,,TERESA DE JESUS CHI VANEGAS,DIVERSIFICADO,PRIVADO,URBANA,CERRADA TEMPORALMENTE,MONOLINGUE,VESPERTINA,DIARIO(REGULAR),PETɎ,,
17-04-3953-46,,17-04-1031,PETEN,SAN ANDRES,LICEO SACPUY -LISAC-,"BARRIO EL CENTRO, ALDEA SACPUY SAN ANDRɓ",31193946-46843572,ERWIN DE JESړ SOZA MANZANERO,HILMER FRANCISCO CHI CHABLE,DIVERSIFICADO,PRIVADO,RURAL,ABIERTA,MONOLINGUE,MATUTINA,DIARIO(REGULAR),PETɎ,,
17-04-4071-46,,17-004,PETEN,SAN ANDRES,COLEGIO LIDERES DEL MAсNA,ALDEA SACPUY,31807694,CARLOS MANUEL TESUCUN QUETZAL,,DIVERSIFICADO,PRIVADO,RURAL,CERRADA TEMPORALMENTE,MONOLINGUE,VESPERTINA,DIARIO(REGULAR),PETɎ,,
17-04-4076-46,,17-004,PETEN,SAN ANDRES,LICEO SACPUY LISAC,BARRIO EL CENTRO SACPUY,33714796,CARLOS MANUEL TESUCUN QUETZAL,WALKIRIA BERSABIT RAMOS PANTͼ/td>,DIVERSIFICADO,PRIVADO,RURAL,CERRADA DEFINITIVAMENTE,MONOLINGUE,DOBLE,FIN DE SEMANA,PETɎ,,
17-05-0167-46,,17-05-0034,PETEN,LA LIBERTAD,INSTITUTO NACIONAL DE EDUCACION DIVERSIFICADA,ALDEA EL NARANJO,,ARIEL ESAU PELAEZ,ELMER URISER GREGORIO MONROY,DIVERSIFICADO,OFICIAL,RURAL,ABIERTA,MONOLINGUE,MATUTINA,DIARIO(REGULAR),PETɎ,,
17-05-0168-46,,17-05-1033,PETEN,LA LIBERTAD,INSTITUTO NACIONAL DE EDUCACION DIVERSIFICADA,NUEVA LOTIFICACION,41855731,ISAAC ESCOBAR,HELLY ARLENE KILKN ROSADO,DIVERSIFICADO,OFICIAL,RURAL,ABIERTA,MONOLINGUE,VESPERTINA,DIARIO(REGULAR),PETɎ,,
17-05-0186-46,,17-05-0027,PETEN,LA LIBERTAD,"COLEGIO PRIVADO MIXTO ""MAYEN""","CASERIO NUEVO EDEN, LA LIBERTAD, PETɎ",30405807,ARIEL ESAU PELAEZ,MARTIR FABIN MANGANDID,DIVERSIFICADO,PRIVADO,RURAL,ABIERTA,MONOLINGUE,DOBLE,FIN DE SEMANA,PETɎ,,
17-05-0188-46,,17-007,PETEN,LA LIBERTAD,"COLEGIO PRIVADO MIXTO ""JESUS EL DIVINO MAESTRO"" -JEDIMA-",CASERIO BETHANIA,,ARIEL ESAU PELAEZ,LUCIANO RAMIREZ POPA,DIVERSIFICADO,PRIVADO,RURAL,CERRADA TEMPORALMENTE,MONOLINGUE,VESPERTINA,DIARIO(REGULAR),PETɎ,,
17-05-0198-46,,17-05-1033,PETEN,LA LIBERTAD,ESCUELA NORMAL CENTRAL,BARRIO EL CENTRO LA LIBERTAD,46721701,ISAAC ESCOBAR,ALMA AZUCENA PINELO ORTIZ,DIVERSIFICADO,PRIVADO,URBANA,ABIERTA,MONOLINGUE,VESPERTINA,DIARIO(REGULAR),PETɎ,,
17-05-0199-46,,17-05-1034,PETEN,LA LIBERTAD,"COLEGIO PRIVADO MIXTO, ""EL PLANTEL""",CASERIO EL PLANTEL LA LIBERTAD,45710463,ISAAC ESCOBAR,RODOLFO AUGUSTO HERNNDEZ MUNGÚ,DIVERSIFICADO,PRIVADO,RURAL,ABIERTA,MONOLINGUE,DOBLE,FIN DE SEMANA,PETɎ,,
17-05-0200-46,,17-05-0034,PETEN,LA LIBERTAD,"CENTRO EDUCATIVO INTEGRAL, ""FAGIOLI""","BARRIO EL CENTRO, ALDEA EL NARANJO",57816239,ARIEL ESAU PELAEZ,ASMAVET EDGAR DE LEӎ YOC,DIVERSIFICADO,PRIVADO,RURAL,ABIERTA,MONOLINGUE,DOBLE,FIN DE SEMANA,PETɎ,,
17-05-0208-46,,17-007,PETEN,LA LIBERTAD,"COLEGIO DE CIENCIAS COMERCIALES LAS CRUCES, CON ORIENTACION EN COMPUTACION",ALDEA LAS CRUCES,79273890,ARIEL ESAU PELAEZ,ARACELI SANDOVAL VASQUEZ,DIVERSIFICADO,PRIVADO,RURAL,CERRADA TEMPORALMENTE,MONOLINGUE,MATUTINA,DIARIO(REGULAR),PETɎ,,
17-05-0209-46,,17-007,PETEN,LA LIBERTAD,"COLEGIO DE CIENCIAS COMERCIALES LAS CRUCES, CON ORIENTACION EN COMPUTACION",ALDEA LAS CRUCES,79273890,ARIEL ESAU PELAEZ,ARACELI SANDOVAL VASQUEZ,DIVERSIFICADO,PRIVADO,RURAL,CERRADA TEMPORALMENTE,MONOLINGUE,DOBLE,FIN DE SEMANA,PETɎ,,
17-05-0210-46,,17-007,PETEN,LA LIBERTAD,"COLEGIO DE CIENCIAS COMERCIALES LAS CRUCES, CON ORIENTACION EN COMPUTACION",ALDEA LAS CRUCES,79277390,ARIEL ESAU PELAEZ,---,DIVERSIFICADO,PRIVADO,RURAL,CERRADA TEMPORALMENTE,MONOLINGUE,MATUTINA,DIARIO(REGULAR),PETɎ,,
17-05-0211-46,,17-05-0034,PETEN,LA LIBERTAD,"""CENTRO DE EDUCACION INTEGRAL EL NARANJO""",ALDEA EL NARANJO,57283598,ARIEL ESAU PELAEZ,MIRIN VIRGINIA MART͎EZ CANTɼ/td>,DIVERSIFICADO,PRIVADO,RURAL,ABIERTA,MONOLINGUE,VESPERTINA,DIARIO(REGULAR),PETɎ,,
17-05-0216-46,,17-05-1033,PETEN,LA LIBERTAD,COLEGIO SANTA CRUZ,"BARRIO SANTA CRUZ,LA LIBERTAD PETEN",79243704,ISAAC ESCOBAR,MART͎ RAM͒EZ SILVESTRE,DIVERSIFICADO,PRIVADO,RURAL,ABIERTA,MONOLINGUE,VESPERTINA,DIARIO(REGULAR),PETɎ,,
17-05-0217-46,,17-05-0034,PETEN,LA LIBERTAD,"CENTRO EDUCATIVO INTEGRAL ""FAGIOLI""","BARRIO EL CENTRO, ALDEA EL NARANJO",57816239,ARIEL ESAU PELAEZ,ASMAVET EDGAR DE LEӎ YOC,DIVERSIFICADO,PRIVADO,RURAL,ABIERTA,MONOLINGUE,VESPERTINA,DIARIO(REGULAR),PETɎ,,
17-05-0223-46,,17-007,PETEN,LA LIBERTAD,COLEGIO MIXTO BILINGUE BRITANNIA,ALDEA EL NARANJO,58922188,ARIEL ESAU PELAEZ,LIDIA MAGALY DE PAZ REYES,DIVERSIFICADO,PRIVADO,RURAL,ABIERTA,MONOLINGUE,VESPERTINA,DIARIO(REGULAR),PETɎ,,
17-05-0224-46,,17-05-0027,PETEN,LA LIBERTAD,"COLEGIO PRIVADO MIXTO ""MAYEN""","CASERIO NUEVO EDEN, LA LIBERTAD, PETɎ",30405807,ARIEL ESAU PELAEZ,MARTIR FABIN MANGANDID,DIVERSIFICADO,PRIVADO,RURAL,ABIERTA,MONOLINGUE,VESPERTINA,DIARIO(REGULAR),PETɎ,,
17-05-0225-46,,17-008,PETEN,LA LIBERTAD,INSTITUTO MIXTO DE EDUCACION BILINGUE INTERCULTURAL -IMEBI- LAGUNITAS,CASERIO LAGUNITAS,30377199,GREGORIO ENRIQUE ARGUETA SAMAYOA,EVELIA FLORIDALMA MILIAN MILIAN,DIVERSIFICADO,PRIVADO,RURAL,CERRADA TEMPORALMENTE,BILINGUE,DOBLE,FIN DE SEMANA,PETɎ,,
17-05-0226-46,,17-006,PETEN,LA LIBERTAD,INSTITUTO MIXTO DE EDUCACION BILINGUE INTERCULTURAL -IMEBI- LA LIBERTAD,BARRIO EL ESTADIO,30989090,ROERICO DE LA CRUZ ICAL,MARTIN RAMIREZ SILVESTRE,DIVERSIFICADO,PRIVADO,RURAL,CERRADA TEMPORALMENTE,BILINGUE,DOBLE,FIN DE SEMANA,PETɎ,,
17-05-0227-46,,17-008,PETEN,LA LIBERTAD,INSTITUTO MIXTO DE EDUCACION BILINGUE INTERCULTURAL -IMEBI- GUATELINDA SAN DIEGO,CASERIO GUATELINDA SAN DIEGO,40894718,GREGORIO ENRIQUE ARGUETA SAMAYOA,NEHEMIAS SAUL GARCIA FLORIAN,DIVERSIFICADO,PRIVADO,RURAL,CERRADA TEMPORALMENTE,BILINGUE,DOBLE,FIN DE SEMANA,PETɎ,,
17-05-0228-46,,17-007,PETEN,LA LIBERTAD,COLEGIO PRIVADO MIXTO -JEDIMA- PALESTINA,CASERIO PALESTINA,40311962,ARIEL ESAU PELAEZ,INGRID ELIZABETH PEREZ RAMOS,DIVERSIFICADO,PRIVADO,RURAL,CERRADA TEMPORALMENTE,MONOLINGUE,VESPERTINA,DIARIO(REGULAR),PETɎ,,
17-05-0230-46,,17-006,PETEN,LA LIBERTAD,INSTITUTO MIXTO DE EDUCACION BILINGUE INTERCULTURAL -IMEBI- VISTA HERMOSA,CASERIO VISTA HERMOSA,,ROERICO DE LA CRUZ ICAL,ANDRES DOMINGO PAIZ,DIVERSIFICADO,PRIVADO,RURAL,CERRADA TEMPORALMENTE,BILINGUE,DOBLE,FIN DE SEMANA,PETɎ,,
17-05-0232-46,,17-05-1033,PETEN,LA LIBERTAD,LICEO MIXTO MODERNO SANTA FE,BARRIO EL CENTRO,55705962,ISAAC ESCOBAR,DELMY GABRIELA LUNA SIERRA,DIVERSIFICADO,PRIVADO,URBANA,ABIERTA,MONOLINGUE,VESPERTINA,DIARIO(REGULAR),PETɎ,,
17-05-0234-46,,17-05-1033,PETEN,LA LIBERTAD,LICEO MIXTO MODERNO SANTA FE,BARRIO EL CENTRO,45309965,ISAAC ESCOBAR,DELMY GABRIELA LUNA SIERRA,DIVERSIFICADO,PRIVADO,URBANA,ABIERTA,MONOLINGUE,VESPERTINA,DIARIO(REGULAR),PETɎ,,
17-05-0238-46,,17-05-1033,PETEN,LA LIBERTAD,"LICEO INTEGRAL CIENCIA Y VERDAD ""CIEV""",BARRIO EL ESTADIO,31697436,ISAAC ESCOBAR,CESIA EUNICE MAGALLӎ MARROQU͎,DIVERSIFICADO,PRIVADO,URBANA,ABIERTA,MONOLINGUE,VESPERTINA,DIARIO(REGULAR),PETɎ,,
17-05-0249-46,,17-006,PETEN,LA LIBERTAD,"COLEGIO MIXTO PRIVADO ""MARTHA MAŔ""","CASERIO NUEVA VISTA HERMOSA, KILOMETRO 35",45734290,ROERICO DE LA CRUZ ICAL,JUAN ANTONIO LEMUS LӐEZ,DIVERSIFICADO,PRIVADO,RURAL,ABIERTA,MONOLINGUE,VESPERTINA,DIARIO(REGULAR),PETɎ,,
17-05-0250-46,,17-007,PETEN,LA LIBERTAD,COLEGIO MIXTO BILINGUE BRITANNIA,BARRIO ONCE DE NOVIEMBRE ALDEA EL NARANJO,58922188,ARIEL ESAU PELAEZ,LIDIA MAGALY DE PAZ REYES,DIVERSIFICADO,PRIVADO,RURAL,ABIERTA,MONOLINGUE,DOBLE,FIN DE SEMANA,PETɎ,,
17-05-0254-46,,17-007,PETEN,LA LIBERTAD,CENTRO EDUCATIVO INTEGRAL FAGIOLI,ALDEA EL NARANJO,57816239,ARIEL ESAU PELAEZ,ASMAVET EDGAR DE LEӎ YOC,DIVERSIFICADO,PRIVADO,RURAL,CERRADA DEFINITIVAMENTE,MONOLINGUE,DOBLE,FIN DE SEMANA,PETɎ,,
17-05-0257-46,,17-05-1035,PETEN,LA LIBERTAD,COLEGIO MIXTO DE EDUCACIӎ MEDIA -CMEM- EL INNOVADOR,"CASERIO GUATELINDA SAN DIEGO, LA LIBERTAD, PETɎ",50060406,GREGORIO ENRIQUE ARGUETA SAMAYOA,JOSUɠLUDIM ESCOBAR INTERIANO,DIVERSIFICADO,PRIVADO,RURAL,ABIERTA,MONOLINGUE,VESPERTINA,DIARIO(REGULAR),PETɎ,,
17-05-0258-46,,17-007,PETEN,LA LIBERTAD,"COLEGIO MIXTO BILIGUE ""BRITANNIA""",ALDEA EL NARANJO,51617598,ARIEL ESAU PELAEZ,LIDIA MAGALY DE PAZ REYES,DIVERSIFICADO,PRIVADO,RURAL,ABIERTA,MONOLINGUE,DOBLE,FIN DE SEMANA,PETɎ,,
17-05-0260-46,,17-05-0034,PETEN,LA LIBERTAD,"""CENTRO DE EDUCACION INTEGRAL EL NARANJO""",ALDEA EL NARANJO,57283598,ARIEL ESAU PELAEZ,MIRIN VIRGINIA MART͎EZ CANTɼ/td>,DIVERSIFICADO,PRIVADO,RURAL,ABIERTA,BILINGUE,DOBLE,FIN DE SEMANA,PETɎ,,
17-05-0261-46,,17-05-1033,PETEN,LA LIBERTAD,INSTITUTO MIXTO DE EDUCACION BILINGUE INTERCUL,BARRIO SANTA CRUZ,30989090,ISAAC ESCOBAR,MART͎ RAM͒EZ SILVESTRE,DIVERSIFICADO,PRIVADO,RURAL,ABIERTA,MONOLINGUE,VESPERTINA,DIARIO(REGULAR),PETɎ,,
17-05-0267-46,,17-006,PETEN,LA LIBERTAD,COLEGIO MIXTO CRISTIANO JESUCRISTO VIVE POR SIEMPRE,BARRIO BUENA VISTA,45031691,ROERICO DE LA CRUZ ICAL,WALESKA ESTEFANIA BOLAяS SANCHEZ,DIVERSIFICADO,PRIVADO,URBANA,CERRADA TEMPORALMENTE,MONOLINGUE,VESPERTINA,DIARIO(REGULAR),PETɎ,,
17-05-0271-46,,17-047,PETEN,LA LIBERTAD,"COLEGIO MIXTO PRIBADO ""A RABI BASAJ""(JESUCRISTO VIVE POR SIEMPRE)",CASERIO EL CEIBO,45031691,VILMA ARACELY GARCIA CRISOSTOMO,CLADIA ELIZABETH POCO OCHAETA,DIVERSIFICADO,PRIVADO,RURAL,ABIERTA,MONOLINGUE,VESPERTINA,DIARIO(REGULAR),PETɎ,,
17-05-0280-46,,17-008,PETEN,LA LIBERTAD,"CENTRO EDUCATIVO ""MIGUEL ANGEL FLORIAN""",BARRIO EL CENTRO CASERIO LAS RUINAS,49480844,GREGORIO ENRIQUE ARGUETA SAMAYOA,LESLY YOLITA FLORIAN ZUщGA,DIVERSIFICADO,PRIVADO,RURAL,ABIERTA,MONOLINGUE,VESPERTINA,DIARIO(REGULAR),PETɎ,,
17-05-0284-46,,17-008,PETEN,LA LIBERTAD,"COLEGIO DE EDUCACION INTEGRAL CON ORIENTACION UNIVERSITARIA ""EL PODER DEL SABER""",CASERIO GUATE LINDA SAN DIEGO,45811150,GREGORIO ENRIQUE ARGUETA SAMAYOA,WILIAN UVALDO MɒIDA MUY,DIVERSIFICADO,PRIVADO,RURAL,CERRADA DEFINITIVAMENTE,MONOLINGUE,DOBLE,FIN DE SEMANA,PETɎ,,
17-05-0290-46,,17-006,PETEN,LA LIBERTAD,COLEGIO SANTA CRUZ,BARRIO SANTA RUZ,79243704,ROERICO DE LA CRUZ ICAL,MART͎ RAM͒EZ SILVESTRE,DIVERSIFICADO,PRIVADO,RURAL,CERRADA DEFINITIVAMENTE,MONOLINGUE,DOBLE,FIN DE SEMANA,PETɎ,,
17-05-0294-46,,17-007,PETEN,LA LIBERTAD,LICEO EDUCATIVO SICAR,ALDEA EL NARANJO-BARRIO DE JUAREZ,45041903,ARIEL ESAU PELAEZ,ESMILDA OSIRIS RAMOS PANCN,DIVERSIFICADO,PRIVADO,RURAL,CERRADA TEMPORALMENTE,MONOLINGUE,VESPERTINA,DIARIO(REGULAR),PETɎ,,
17-05-0296-46,,17-007,PETEN,LA LIBERTAD,LICEO EDUCATIVO SICAR,ALDEA EL NARANJO BARRIO LO DE JUAREZ,45041903,ARIEL ESAU PELAEZ,ESMILDA OSIRIS RAMOS PANCN,DIVERSIFICADO,PRIVADO,RURAL,CERRADA TEMPORALMENTE,MONOLINGUE,DOBLE,FIN DE SEMANA,PETɎ,,
17-05-0297-46,,17-007,PETEN,LA LIBERTAD,CWENTRO EDUCATIVO SICAR,ALDEA EL NARANJO BARRIO LO DE JUAREZ,45041903,ARIEL ESAU PELAEZ,ESMILDA OSIRIS RAMOS PANCAN,DIVERSIFICADO,PRIVADO,RURAL,CERRADA TEMPORALMENTE,MONOLINGUE,DOBLE,FIN DE SEMANA,PETɎ,,
17-05-0298-46,,17-05-0027,PETEN,LA LIBERTAD,INSTITUTO NACIONAL DE EDUCACIӎ DIVERSIFICADA- INED-,CASERIO LAS RUINAS,33254332,ARIEL ESAU PELAEZ,ADA VIZOLINA PɒEZ MORALES,DIVERSIFICADO,OFICIAL,RURAL,ABIERTA,MONOLINGUE,VESPERTINA,DIARIO(REGULAR),PETɎ,,
17-05-0299-46,,17-05-1035,PETEN,LA LIBERTAD,"COLEGIO DE EDUCACION INTEGRAL CON ORIENTACION UNIVERSITARIA, ""EL PODER DEL SABER""","CASERIO GUATELINDA SAN DIEGO LA LIBERTAD, PETEN",57564332,GREGORIO ENRIQUE ARGUETA SAMAYOA,WILIAN UVALDO MɒIDA MUY,DIVERSIFICADO,PRIVADO,RURAL,ABIERTA,MONOLINGUE,DOBLE,FIN DE SEMANA,PETɎ,,
17-05-0301-46,,17-05-1035,PETEN,LA LIBERTAD,"COLEGIO MIXTO DE EDUCACIӎ MEDIA -CMEM- ""EL INNOVADOR""",GUATELINDA SAN DIEGO,50060406,GREGORIO ENRIQUE ARGUETA SAMAYOA,JOSUɠLUDIM ESCOBAR INTERIANO,DIVERSIFICADO,PRIVADO,RURAL,ABIERTA,MONOLINGUE,DOBLE,FIN DE SEMANA,PETɎ,,
17-05-0302-46,,17-006,PETEN,LA LIBERTAD,"COLEGIO MIXTO DE EDUCACIӎ MEDIA ""EL INNOVADOR""",CASERIO GUATELINDA SAN DIEGO,48388684,ROERICO DE LA CRUZ ICAL,MARTIN CHOC XOL,DIVERSIFICADO,PRIVADO,RURAL,CERRADA DEFINITIVAMENTE,MONOLINGUE,DOBLE,FIN DE SEMANA,PETɎ,,
17-05-0305-46,,17-05-1033,PETEN,LA LIBERTAD,ESCUELA NORMAL CON ORIENTACION AMBIENTAL,BARRIO EL CENTRO,45734290,ISAAC ESCOBAR,CARLOS ALEJANDRO DURN RAM͒EZ,DIVERSIFICADO,PRIVADO,URBANA,ABIERTA,MONOLINGUE,DOBLE,FIN DE SEMANA,PETɎ,,
17-05-0306-46,,17-006,PETEN,LA LIBERTAD,ESCUELA NORMAL CON ORIENTACION AMBIENTAL,BARRIO EL CENTRO,45734290,ROERICO DE LA CRUZ ICAL,CARLOS ALEJANDRO DURN RAM͒EZ,DIVERSIFICADO,PRIVADO,URBANA,CERRADA DEFINITIVAMENTE,MONOLINGUE,DOBLE,FIN DE SEMANA,PETɎ,,
17-05-0308-46,,17-05-0034,PETEN,LA LIBERTAD,"CENTRO EDUCATIVO ""SAN PEDRO"", FE Y ALEGŔ, NO. 37.",ALDEA EL NARANJO,42105736,ARIEL ESAU PELAEZ,RAQUEL MILIN Y MILIN,DIVERSIFICADO,PRIVADO,RURAL,ABIERTA,MONOLINGUE,MATUTINA,DIARIO(REGULAR),PETɎ,,
17-05-0309-46,,17-05-0034,PETEN,LA LIBERTAD,CENTRO EDUCATIVO SAN PEDRO FE Y ALEGRIA NO.41,"CASERIO LAGUNITAS, LA LIBERTAD, PETEN",59514752,ARIEL ESAU PELAEZ,EVELIA FLORIDALMA MILIN Y MILIN,DIVERSIFICADO,PRIVADO,RURAL,ABIERTA,MONOLINGUE,VESPERTINA,DIARIO(REGULAR),PETɎ,,
17-05-0310-46,,17-05-1033,PETEN,LA LIBERTAD,INSTITUTO INDIGENA PARA EL DESARROLLO RURAL INTEGRAL INDRI,CANTON CRUCE LA ESPERANZA,51510194,ISAAC ESCOBAR,HILDA ROSAĹ MAS MACZ,DIVERSIFICADO,PRIVADO,RURAL,ABIERTA,BILINGUE,DOBLE,DIARIO(REGULAR),PETɎ,,
17-05-0317-46,,17-007,PETEN,LA LIBERTAD,CENTRO DE EDUCACION INTEGRAL EL NARANJO,ALDEA EL NARANJO,53663885,ARIEL ESAU PELAEZ,MIRIN VIRGINIA MART͎EZ CANTɼ/td>,DIVERSIFICADO,PRIVADO,RURAL,CERRADA DEFINITIVAMENTE,MONOLINGUE,DOBLE,FIN DE SEMANA,PETɎ,,
17-05-0319-46,,17-05-0034,PETEN,LA LIBERTAD,"""CENTRO DE EDUCACION INTEGRAL EL NARANJO""",ALDEA EL NARANJO,53663885,ARIEL ESAU PELAEZ,MIRIN VIRGINIA MART͎EZ CANTɼ/td>,DIVERSIFICADO,PRIVADO,RURAL,ABIERTA,MONOLINGUE,MATUTINA,DIARIO(REGULAR),PETɎ,,
17-05-0320-46,,17-006,PETEN,LA LIBERTAD,CENTRO EDUCATIVO GUADALUPANO,BARRIO EL CENTRO,30366955,ROERICO DE LA CRUZ ICAL,HENRY ROLANDO MATUS SNCHEZ,DIVERSIFICADO,PRIVADO,URBANA,CERRADA DEFINITIVAMENTE,MONOLINGUE,DOBLE,FIN DE SEMANA,PETɎ,,
17-05-0321-46,,17-006,PETEN,LA LIBERTAD,CENTRO EDUCATIVO GUADALUPANO,BARRIO EL CENTRO,30366955,ROERICO DE LA CRUZ ICAL,HENRY ROLANDO MATUS SNCHEZ,DIVERSIFICADO,PRIVADO,URBANA,ABIERTA,MONOLINGUE,DOBLE,FIN DE SEMANA,PETɎ,,
17-05-0326-46,,17-05-1035,PETEN,LA LIBERTAD,COLEGIO DE EDUCACION INTEGRAL CON ORIENTACION UNIVERSITARIA EL PODER DEL SABER,ALDEA GUATELINDA SAN DIEGO,57264881,GREGORIO ENRIQUE ARGUETA SAMAYOA,WILIAN UVALDO MɒIDA MUY,DIVERSIFICADO,PRIVADO,RURAL,ABIERTA,MONOLINGUE,SIN JORNADA,FIN DE SEMANA,PETɎ,,
17-05-0330-46,,17-05-1033,PETEN,LA LIBERTAD,COLEGIO SANTA CRUZ,"BARRIO SANTA CRUZ, LA LIBERTAD, PETEN",53407688,ISAAC ESCOBAR,MART͎ RAM͒EZ SILVESTRE,DIVERSIFICADO,PRIVADO,URBANA,ABIERTA,MONOLINGUE,SIN JORNADA,SEMIPRESENCIAL (UN D́ A LA SEMANA),PETɎ,,
17-05-0332-46,,17-05-0027,PETEN,LA LIBERTAD,INSTITUTO NACIONAL DE EDUCACION DIVERSIFICADA INED,CASERIO POZO AZUL,47504989,ARIEL ESAU PELAEZ,EDRAS DONALDO PORTILLO GӍEZ,DIVERSIFICADO,OFICIAL,RURAL,ABIERTA,MONOLINGUE,VESPERTINA,DIARIO(REGULAR),PETɎ,,
17-05-0333-46,,17-05-0034,PETEN,LA LIBERTAD,CENTRO EDUCATIVO INTEGRAL FAGIOLI,"BARRIO EL CENTRO, ALDEA EL NARANJO LA LIBERTAD, PETɎ",57816239,ARIEL ESAU PELAEZ,ASMAVET EDGAR DE LEӎ YOC,DIVERSIFICADO,PRIVADO,RURAL,ABIERTA,MONOLINGUE,SIN JORNADA,SEMIPRESENCIAL (FIN DE SEMANA),PETɎ,,
17-05-0335-46,,17-05-0034,PETEN,LA LIBERTAD,"""CENTRO DE EDUCACION INTEGRAL EL NARANJO""",ALDEA EL NARANJO,53663885,ARIEL ESAU PELAEZ,MIRIN VIRGINIA MART͎EZ CANTɼ/td>,DIVERSIFICADO,PRIVADO,RURAL,ABIERTA,MONOLINGUE,SIN JORNADA,SEMIPRESENCIAL (UN D́ A LA SEMANA),PETɎ,,
17-05-0337-46,,17-05-1033,PETEN,LA LIBERTAD,ESCUELA NORMAL CON ORIENTACION AMBIENTAL-ENCA-,BARRIIO EL CENTRO,45734290,ISAAC ESCOBAR,CARLOS ALEJANDRO DURN RAM͒EZ,DIVERSIFICADO,PRIVADO,URBANA,ABIERTA,MONOLINGUE,SIN JORNADA,SEMIPRESENCIAL (UN D́ A LA SEMANA),PETɎ,,
17-05-0340-46,,17-006,PETEN,LA LIBERTAD,CENTRO EDUCATIVO GUADALUPANO,"BARRIO EL ,CENTRO",30366955,ROERICO DE LA CRUZ ICAL,HENRY ROLANDO MATUS SNCHEZ,DIVERSIFICADO,PRIVADO,URBANA,ABIERTA,MONOLINGUE,SIN JORNADA,SEMIPRESENCIAL (UN D́ A LA SEMANA),PETɎ,,
17-05-0342-46,,17-05-1035,PETEN,LA LIBERTAD,COLEGIO MIXTO DE EDUCACION MEDIA -CMEM- EL INNOVADOR,"CASERIO GUATELINDA SAN DIEGO, LA LIBERTAD",50060406,GREGORIO ENRIQUE ARGUETA SAMAYOA,JOSUɠLUDIM ESCOBAR INTERIANO,DIVERSIFICADO,PRIVADO,RURAL,ABIERTA,MONOLINGUE,SIN JORNADA,SEMIPRESENCIAL (UN D́ A LA SEMANA),PETɎ,,
17-05-0343-46,,17-007,PETEN,LA LIBERTAD,"CENTRO EDUCATIVO ""FE Y ALEGRIA"" NO.37.",ALDEA EL NARANJO,42105736,ARIEL ESAU PELAEZ,RAQUEL MILIN Y MILIN,DIVERSIFICADO,PRIVADO,RURAL,ABIERTA,MONOLINGUE,DOBLE,SEMIPRESENCIAL,PETɎ,,
17-05-0355-46,,17-05-1035,PETEN,LA LIBERTAD,"COLEGO MIXTO DE EDUCACION MEDIA ""EL INNOVADOR""",CASERIO GUATELINDA SAN DIEGO,30319006,GREGORIO ENRIQUE ARGUETA SAMAYOA,JOSUɠLUDIM ESCOBAR INTERIANO,DIVERSIFICADO,PRIVADO,RURAL,ABIERTA,MONOLINGUE,DOBLE,FIN DE SEMANA,PETɎ,,
17-05-0360-46,,17-05-1035,PETEN,LA LIBERTAD,INED INSTITUTO NACIONAL DE EDUCACIӎ DIVERSIFICADA,CASERIO EL PARAISO KM 107 BARRIO EL PORVENIR CASER͏,58146120,GREGORIO ENRIQUE ARGUETA SAMAYOA,GILMA LORENA GALICIA VSQUEZ,DIVERSIFICADO,OFICIAL,RURAL,ABIERTA,MONOLINGUE,VESPERTINA,DIARIO(REGULAR),PETɎ,,
17-05-0361-46,,17-05-0025,PETEN,LA LIBERTAD,INED INSTITUTO NACIONAL DE EDUCACIӎ DIVERSIFICADA,CASER͏ LA BOMBA,31157655,GREGORIO ENRIQUE ARGUETA SAMAYOA,,DIVERSIFICADO,OFICIAL,RURAL,ABIERTA,BILINGUE,VESPERTINA,DIARIO(REGULAR),PETɎ,,
17-05-0490-46,,,PETEN,LA LIBERTAD,INSTITUTO PRIVADO MIXTO DE EDUCACION DIVERSIFICADA DE BACHILLERATO EN CIENCIAS Y LETRAS JN,,,,,DIVERSIFICADO,PRIVADO,URBANA,CERRADA TEMPORALMENTE,MONOLINGUE,NOCTURNA,DIARIO(REGULAR),PETɎ,,
17-05-1136-46,,,PETEN,LA LIBERTAD,INSTITUTO PRIVADO MIXTO DE CIENCIAS COMERCIALES,,,,,DIVERSIFICADO,PRIVADO,URBANA,CERRADA DEFINITIVAMENTE,MONOLINGUE,MATUTINA,DIARIO(REGULAR),PETɎ,,
17-05-1308-46,,,PETEN,LA LIBERTAD,INSTITUTO PRIVADO MIXTO NOCTURNO,,,,,DIVERSIFICADO,PRIVADO,RURAL,CERRADA TEMPORALMENTE,MONOLINGUE,NOCTURNA,DIARIO(REGULAR),PETɎ,,
17-05-2230-46,,,PETEN,LA LIBERTAD,INSTITUTO PRIVADO MIXTO NOCTURNO DE CIENCIAS COMERCIALES,ALDEA LOS CRUCES,,,,DIVERSIFICADO,PRIVADO,URBANA,CERRADA TEMPORALMENTE,MONOLINGUE,NOCTURNA,DIARIO(REGULAR),PETɎ,,
17-05-3198-46,,,PETEN,LA LIBERTAD,CENTRO MODERNO COMPUTARIZADO PROFESIONAL,CABECERA MUNICIPAL,79263223,,,DIVERSIFICADO,PRIVADO,URBANA,CERRADA DEFINITIVAMENTE,MONOLINGUE,VESPERTINA,DIARIO(REGULAR),PETɎ,,
17-05-3351-46,,17-007,PETEN,LA LIBERTAD,COLEGIO DE CIENCIAS COMERCIALES LAS CRUCES CON ORIENTACION EN COMPUTACION,ALDEA LAS CRUCES,79277390,ARIEL ESAU PELAEZ,,DIVERSIFICADO,PRIVADO,RURAL,CERRADA TEMPORALMENTE,MONOLINGUE,VESPERTINA,DIARIO(REGULAR),PETɎ,,
17-05-3658-46,,17-029,PETEN,LA LIBERTAD,ESCUELA NORMAL CON ORIENTACION AMBIENTAL,"BARRIO EL CENTRO LA LIBERTAD, PETɎ",45734290,WILBER NERY KILKAN ROSADO,CARLOS ALEJANDRO DURN RAM͒EZ,DIVERSIFICADO,PRIVADO,URBANA,ABIERTA,MONOLINGUE,VESPERTINA,DIARIO(REGULAR),PETɎ,,
17-05-3659-46,,17-007,PETEN,LA LIBERTAD,COLEGIO PRIVADO MIXTO EL DIVINO MAESTRO,ALDEA LAS CRUCES,,ARIEL ESAU PELAEZ,--,DIVERSIFICADO,PRIVADO,RURAL,CERRADA TEMPORALMENTE,MONOLINGUE,VESPERTINA,DIARIO(REGULAR),PETɎ,,
17-05-3673-46,,17-007,PETEN,LA LIBERTAD,COLEGIO PRIVADO MIXTO DE CIENCIAS COMERCIALES Y AMBIENTALES,ALDEA EL NARANJO,,ARIEL ESAU PELAEZ,,DIVERSIFICADO,PRIVADO,RURAL,CERRADA DEFINITIVAMENTE,MONOLINGUE,VESPERTINA,DIARIO(REGULAR),PETɎ,,
17-05-3885-46,,17-007,PETEN,LA LIBERTAD,COLEGIO MIXTO ADVENTISTA GETSEMANI,ALDEA LAS CRUCES,,ARIEL ESAU PELAEZ,,DIVERSIFICADO,PRIVADO,RURAL,CERRADA TEMPORALMENTE,MONOLINGUE,VESPERTINA,DIARIO(REGULAR),PETɎ,,
17-05-4008-46,,17-05-1033,PETEN,LA LIBERTAD,INSTITUTO TECNOLOGICO EN RECURSOS NATURALES SAKLUM,"ALDEA LA ESPERANZA ZONA 0, ENTRADA PRINCIPAL",58084682,ISAAC ESCOBAR,VICTORIA NATHALY AGUIRRE SIMӎ,DIVERSIFICADO,PRIVADO,RURAL,ABIERTA,MONOLINGUE,DOBLE,DIARIO(REGULAR),PETɎ,,
17-05-4057-46,,17-05-1033,PETEN,LA LIBERTAD,COLEGIO SANTA CRUZ,BARRIO SANTA CRUZ,79243704,ISAAC ESCOBAR,MART͎ RAM͒EZ SILVESTRE,DIVERSIFICADO,PRIVADO,RURAL,ABIERTA,MONOLINGUE,DOBLE,FIN DE SEMANA,PETɎ,,
17-05-4067-46,,17-006,PETEN,LA LIBERTAD,ESCUELA NORMAL CON ORIENTACION AMBIENTAL,BARRIO EL CENTRO,45734290,ROERICO DE LA CRUZ ICAL,FREDY MATIAS,DIVERSIFICADO,PRIVADO,URBANA,CERRADA TEMPORALMENTE,MONOLINGUE,DOBLE,FIN DE SEMANA,PETɎ,,
17-05-4181-46,,17-007,PETEN,LA LIBERTAD,COLEGIO PRIVADO MIXTO 'EL DIVINO MAESTRO',ALDEA LAS CRUCES,,ARIEL ESAU PELAEZ,,DIVERSIFICADO,PRIVADO,RURAL,CERRADA TEMPORALMENTE,MONOLINGUE,DOBLE,FIN DE SEMANA,PETɎ,,
17-06-0014-46,,17-031,PETEN,SAN FRANCISCO,INSTITUTO TECNICO MUNICIPAL DE FORMACION,BARRIO SAN RAFAEL,,GREGORIO ARGUETA SAMAYOA,ADAM ROBERTO AYALA EDWARDS,DIVERSIFICADO,MUNICIPAL,URBANA,CERRADA DEFINITIVAMENTE,MONOLINGUE,VESPERTINA,DIARIO(REGULAR),PETɎ,,
17-06-0023-46,,17-06-1036,PETEN,SAN FRANCISCO,INSTITUTO NACIONAL DE EDUCACION DIVERSIFICADA,"BARRIO SAN RAFAEL, SAN FRANCISCO PETEN",48142576,MARIANELA LISSBET GӎGORA REINOSO,MIRNA LORENA RAM͒EZ TORRES,DIVERSIFICADO,OFICIAL,URBANA,ABIERTA,MONOLINGUE,VESPERTINA,DIARIO(REGULAR),PETɎ,,
17-06-0028-46,,17-009,PETEN,SAN FRANCISCO,CENTRO EDUCATIVO MAYAB,10CALLE3RA.AVE. ZONA 1,54826739,MARIANELA LISSBETH GONGORA REINOSO,KARINA LISSET ROMERO OCHAETA,DIVERSIFICADO,PRIVADO,URBANA,CERRADA TEMPORALMENTE,MONOLINGUE,DOBLE,DIARIO(REGULAR),PETɎ,,
17-06-0031-46,,17-06-1036,PETEN,SAN FRANCISCO,INSTITUTO DIVERSIFICADO POR COOPERATIVA DE ENSEсNZA,"BARRIO SAN RAFAEL, SAN FRANCISCO PETEN",42803112,MARIANELA LISSBET GӎGORA REINOSO,SANDRA MARITZA PICӎ MONTENEGRO,DIVERSIFICADO,COOPERATIVA,URBANA,ABIERTA,MONOLINGUE,VESPERTINA,DIARIO(REGULAR),PETɎ,,
17-06-0033-46,,17-009,PETEN,SAN FRANCISCO,"CENTRO EDUCATIVO ""MAYAB""",3RA.CALLE 10 AVENIDA ESQUINA ZONA 1 SAN FRANCISCO PETEN,79274545,MARIANELA LISSBETH GONGORA REINOSO,ROYNALD ALEXANDER TRUJILLO MENɎDEZ,DIVERSIFICADO,PRIVADO,URBANA,ABIERTA,MONOLINGUE,VESPERTINA,DIARIO(REGULAR),PETɎ,,
17-06-0036-46,,17-009,PETEN,SAN FRANCISCO,"INSTITUTO NACIONAL DIVERSIFICADO DE BACHILLERATO INDUSTRIAL ""LIC. RODERICO SANTOS SEGURA TRUJILLO""",BARRIO CONCORDIA,79274363,MARIANELA LISSBETH GONGORA REINOSO,JOSɠJOEL LӐEZ ALAY,DIVERSIFICADO,OFICIAL,URBANA,CERRADA TEMPORALMENTE,MONOLINGUE,DOBLE,DIARIO(REGULAR),PETɎ,,
17-06-0037-46,,17-06-1036,PETEN,SAN FRANCISCO,INSTITUTO TɃNICO DE CAPACITACIӎ Y PRODUCTIVIDAD -INTECAP-,"KM. 477 CASER͏ SANTA CRUZ SAN FRANCISCO, PETɎ",42067197,MARIANELA LISSBET GӎGORA REINOSO,THELMA MAŔ PECHE TESUCڎ,DIVERSIFICADO,PRIVADO,RURAL,ABIERTA,MONOLINGUE,DOBLE,DIARIO(REGULAR),PETɎ,,
17-06-0040-46,,17-06-1036,PETEN,SAN FRANCISCO,INSTITUTO TɃNICO MUNICIPAL DE FORMACIӎ,"BARRIO SAN RAFAEL, SAN FRANCISCO PETEN",45296947,MARIANELA LISSBET GӎGORA REINOSO,JUAN ALBERTO SANTOS LZARO,DIVERSIFICADO,PRIVADO,URBANA,ABIERTA,MONOLINGUE,SIN JORNADA,SEMIPRESENCIAL (UN D́ A LA SEMANA),PETɎ,,
17-06-0045-46,,17-06-1036,PETEN,SAN FRANCISCO,INED INSTITUTO NACIONAL DE EDUCACIӎ DIVERSIFICADA,CASER͏ SAN VALENT͎ LAS FLORES,55513161,MARIANELA LISSBET GӎGORA REINOSO,MARIO MANUEL ALDANA SARCEя,DIVERSIFICADO,OFICIAL,RURAL,ABIERTA,MONOLINGUE,VESPERTINA,DIARIO(REGULAR),PETɎ,,
17-06-0121-46,,17-06-1036,PETEN,SAN FRANCISCO,"INSTITUTO NACIONAL DIVERSIFICADO DE BACHILLERATO INDUSTRIAL ""LIC. RODERICO SANTOS SEGURA TRUJILLO""",BARRIO CONCORDIA,79274363,MARIANELA LISSBET GӎGORA REINOSO,JOSɠJOEL LӐEZ ALAY,DIVERSIFICADO,OFICIAL,URBANA,ABIERTA,MONOLINGUE,VESPERTINA,DIARIO(REGULAR),PETɎ,,
17-06-1045-46,,17-010,PETEN,SAN FRANCISCO,COLEGIO VOCACIONAL DE CIENCIAS COMERCIALES,SAN FRANCISCO,,EDWIN HUMBERTO MONTERO ALDANA,JORGE MARIO OCHAETA,DIVERSIFICADO,PRIVADO,URBANA,CERRADA TEMPORALMENTE,MONOLINGUE,NOCTURNA,DIARIO(REGULAR),PETɎ,,
17-06-3208-46,,,PETEN,SAN FRANCISCO,COLEGIO 'SAN FRANCISCO DE ASIS',,,,,DIVERSIFICADO,PRIVADO,URBANA,CERRADA DEFINITIVAMENTE,MONOLINGUE,NOCTURNA,DIARIO(REGULAR),PETɎ,,
17-07-0010-46,,17-07-1037,PETEN,SANTA ANA,INSTITUTO NACIONAL DE EDUCACION DIVERSIFICADA,ALDEA LOS ANGELES,45936536,RODOLFO MEDINA,JERONIMO PRERA HERNANDEZ,DIVERSIFICADO,OFICIAL,RURAL,CERRADA TEMPORALMENTE,MONOLINGUE,MATUTINA,DIARIO(REGULAR),PETɎ,,
17-07-0029-46,,17-010,PETEN,SANTA ANA,"COLEGIO PRIVADO ""GETZEMANI""",ALDEA EL MANGO,46044932,EDWIN HUMBERTO MONTERO ALDANA,CONCEPCION ORTIZ GARCIA,DIVERSIFICADO,PRIVADO,RURAL,CERRADA TEMPORALMENTE,MONOLINGUE,VESPERTINA,DIARIO(REGULAR),PETɎ,,
17-07-0033-46,,17-010,PETEN,SANTA ANA,INSTITUTO MIXTO DE EDUCACION BILINGUE INTERCULTURAL-IMEBI-,ALDEA LA LAGUNA,58887789,EDWIN HUMBERTO MONTERO ALDANA,JOSE GABRIEL GARCIA IZAGUIRRE,DIVERSIFICADO,PRIVADO,RURAL,CERRADA TEMPORALMENTE,MONOLINGUE,VESPERTINA,DIARIO(REGULAR),PETɎ,,
17-07-0037-46,,17-07-1037,PETEN,SANTA ANA,"CENTRO EDUCATIVO INTEGRAL ""MANANTIAL DE SABIDURIA-CEIMSA-""","BARRIO EL CENTRO, SANTA ANA, PETEN",40322589,RODOLFO MEDINA,ASCENCIӎ LӐEZ HERNNDEZ,DIVERSIFICADO,PRIVADO,URBANA,ABIERTA,MONOLINGUE,MATUTINA,DIARIO(REGULAR),PETɎ,,
17-07-0041-46,,17-07-0073,PETEN,SANTA ANA,COLEGIO CRISTIANO ARBOL DE VIDA,ALDEA LOS ANGELES,77923502,RODOLFO MEDINA,ENMA JUDITH PAZ CRUZ,DIVERSIFICADO,PRIVADO,RURAL,ABIERTA,MONOLINGUE,VESPERTINA,DIARIO(REGULAR),PETɎ,,
17-07-0043-46,,17-07-1037,PETEN,SANTA ANA,LICEO EDUCATIVO SANTA ANA -LICESA-,BARRIO EL CENTRO,32608217,RODOLFO MEDINA,MARVIN MARCONNY LOPEZ OVANDO,DIVERSIFICADO,PRIVADO,URBANA,ABIERTA,MONOLINGUE,DOBLE,FIN DE SEMANA,PETɎ,,
17-07-0044-46,,17-011,PETEN,SANTA ANA,CENTRO EDUCATIVO INTEGRAL MANANTIAL DE SABIDURIA-CEIMSA-,5A.AV.ZONA 1 BARRIO EL CENTRO,51689548,GUSTAVO ADOLFO REYNOSO HERRERA,WILMER RU͚ CORADO,DIVERSIFICADO,PRIVADO,URBANA,CERRADA DEFINITIVAMENTE,MONOLINGUE,DOBLE,FIN DE SEMANA,PETɎ,,
17-07-0045-46,,17-07-1037,PETEN,SANTA ANA,CENTRO EDUCATIVO INTEGRAL MANANTIAL DE SABIDURIA -CEIMSA-,5A.AV.ZONA 1 BARRIO EL CENTRO,51689548,RODOLFO MEDINA,WILMER RU͚ CORADO,DIVERSIFICADO,PRIVADO,URBANA,ABIERTA,MONOLINGUE,DOBLE,FIN DE SEMANA,PETɎ,,
17-07-0048-46,,17-07-0073,PETEN,SANTA ANA,COLEGIO CRISTIANO ARBOL DE VIDA,ALDE LOS ANGELES,77923502,RODOLFO MEDINA,ENMA JUDITH PAZ CRUZ,DIVERSIFICADO,PRIVADO,RURAL,ABIERTA,BILINGUE,VESPERTINA,DIARIO(REGULAR),PETɎ,,
17-07-0049-46,,17-011,PETEN,SANTA ANA,COLEGIO CRISTIANO ARBOL DE VIDA,ALDEA LOS ANGELES,77923502,GUSTAVO ADOLFO REYNOSO HERRERA,ENMA JUDITH PAZ CRUZ,DIVERSIFICADO,PRIVADO,RURAL,CERRADA TEMPORALMENTE,BILINGUE,VESPERTINA,DIARIO(REGULAR),PETɎ,,
17-07-0050-46,,17-011,PETEN,SANTA ANA,"COLEGIO PRIVADO MIXTO ""GETZEMANI""",ALDEA EL MANGO,58810710,GUSTAVO ADOLFO REYNOSO HERRERA,CONCEPCIӎ ORTIZ GARCIA,DIVERSIFICADO,PRIVADO,RURAL,CERRADA DEFINITIVAMENTE,MONOLINGUE,DOBLE,FIN DE SEMANA,PETɎ,,
17-07-0051-46,,17-07-1037,PETEN,SANTA ANA,"CENTRO EDUCATIVO MUNICIPAL ""OR JOJMA""",ALDEA EL MANGO,40010707,RODOLFO MEDINA,CONCEPCIӎ ORTIZ GARCIA,DIVERSIFICADO,PRIVADO,RURAL,ABIERTA,MONOLINGUE,DOBLE,FIN DE SEMANA,PETɎ,,
17-07-0057-46,,17-07-1037,PETEN,SANTA ANA,"CENTRO EDUCATIVO MUNICIPAL ""OR JOJMA""",ALDEA EL MANGO,40010707,RODOLFO MEDINA,CONCEPCIӎ ORTIZ GARCIA,DIVERSIFICADO,PRIVADO,RURAL,ABIERTA,MONOLINGUE,SIN JORNADA,SEMIPRESENCIAL (UN D́ A LA SEMANA),PETɎ,,
17-07-0063-46,,17-07-1037,PETEN,SANTA ANA,INED INSTITUTO NACIONAL DE EDUCACIӎ DIVERSIFICADA,BARRIO EL CENTRO,58810710,RODOLFO MEDINA,,DIVERSIFICADO,OFICIAL,URBANA,ABIERTA,MONOLINGUE,VESPERTINA,DIARIO(REGULAR),PETɎ,,
17-07-1219-46,,,PETEN,SANTA ANA,ESCUELA DE CIENCIAS COMERCIALES 'SANTA ANA',,,,,DIVERSIFICADO,MUNICIPAL,URBANA,CERRADA TEMPORALMENTE,MONOLINGUE,VESPERTINA,DIARIO(REGULAR),PETɎ,,
17-07-2205-46,,17-07-1037,PETEN,SANTA ANA,"""ESCUELA DE MAGISTERIO""","BARRIO EL CENTRO, SANTA ANA, PETɎ",46329499,RODOLFO MEDINA,ENHILL SAMUEL OCHAETA CHVEZ,DIVERSIFICADO,PRIVADO,URBANA,ABIERTA,MONOLINGUE,VESPERTINA,DIARIO(REGULAR),PETɎ,,
17-07-3887-46,,17-07-1037,PETEN,SANTA ANA,"INSTITUTO MUNICIPAL DE EDUCACIӎ DIVERSIFICADA ""SEяR CARLOS HUMBERTO GARRIDO CATALN""","BARRIO EL CENTRO, SANTA ANA, PETEN",58445131,RODOLFO MEDINA,JOSE ANTONIO ROMERO BERGES,DIVERSIFICADO,MUNICIPAL,URBANA,ABIERTA,MONOLINGUE,MATUTINA,DIARIO(REGULAR),PETɎ,,
17-08-0001-46,,17-08-1038,PETEN,DOLORES,"LICEO EDUCATIVO ""ARTE Y CULTURA""",CABECERA MUNICIPAL DE DOLORES,33006381,HɃTOR DAVID MAYɎ MILIAN,LISBETH GISSELLA DVILA OVANDO,DIVERSIFICADO,PRIVADO,URBANA,ABIERTA,MONOLINGUE,VESPERTINA,DIARIO(REGULAR),PETɎ,,
17-08-0002-46,,17-012,PETEN,DOLORES,LICEO EDUCATIVO ARTE Y CULTURA,BARRIO EL CENTRO,79266005,HɃTOR DAVID MAYɎ MILIN,LIDIA DALILA OVANDO HEREDIA,DIVERSIFICADO,PRIVADO,URBANA,CERRADA TEMPORALMENTE,MONOLINGUE,MATUTINA,DIARIO(REGULAR),PETɎ,,
17-08-0003-46,,17-014,PETEN,DOLORES,COLEGIO MIXTO PRIVADO SAN PEDRO MARTIR DE VERONA,ALDEA CALZADA MOPAN,33331080,MARIO AROLDO GUZMAN ALDANA,MANUEL CRUZ PEDRO,DIVERSIFICADO,PRIVADO,RURAL,ABIERTA,MONOLINGUE,VESPERTINA,DIARIO(REGULAR),PETɎ,,
17-08-0004-46,,17-08-1038,PETEN,DOLORES,"COLEGIO ""IXTANCHɢ","BARRIO EL CENTRO, DOLORES, PETEN",58251277,HɃTOR DAVID MAYɎ MILIAN,OLGA ICAL YAQUE,DIVERSIFICADO,PRIVADO,URBANA,ABIERTA,MONOLINGUE,VESPERTINA,DIARIO(REGULAR),PETɎ,,
17-08-0054-46,,17-013,PETEN,DOLORES,INSTITUTO NACIONAL DE EDUCACION DIVERSIFICADA,ALDEA EL CHAL,,BRAULIO AMILCAR CHAN TESUCUN,AUNER ALEXANDER RAMIREZ GONZALEZ,DIVERSIFICADO,OFICIAL,RURAL,CERRADA DEFINITIVAMENTE,MONOLINGUE,VESPERTINA,DIARIO(REGULAR),PETɎ,,
17-08-0063-46,,17-013,PETEN,DOLORES,"CENTRO EDUCATIVO TECNICO PORTILLO ""CETPORT""",ALDEA EL CHAL,,BRAULIO AMILCAR CHAN TESUCUN,SONIA MAYESLYN SOTO UMAс,DIVERSIFICADO,PRIVADO,RURAL,CERRADA DEFINITIVAMENTE,MONOLINGUE,VESPERTINA,DIARIO(REGULAR),PETɎ,,
17-08-0068-46,,17-013,PETEN,DOLORES,LICEO EDUCATIVO SALEM,ALDEA EL CHAL,41410556,BRAULIO AMILCAR CHAN TESUCUN,ADELITA BARRERA GARCIA,DIVERSIFICADO,PRIVADO,RURAL,CERRADA TEMPORALMENTE,MONOLINGUE,MATUTINA,DIARIO(REGULAR),PETɎ,,
17-08-0069-46,,17-012,PETEN,DOLORES,COLEGIO MIXTO PRIVADO IXTANCHE,BARRIO EL CENTRO,79277193,HɃTOR DAVID MAYɎ MILIN,OLGA ICAL YAQUE,DIVERSIFICADO,PRIVADO,URBANA,CERRADA DEFINITIVAMENTE,MONOLINGUE,DOBLE,FIN DE SEMANA,PETɎ,,
17-08-0070-46,,17-012,PETEN,DOLORES,COLEGIO SAN MARTIN DE PORRES,CABECERA MUNICIPAL,79266095,HɃTOR DAVID MAYɎ MILIN,SANTOS DAVID MIGUEL CORDӎ,DIVERSIFICADO,PRIVADO,URBANA,CERRADA DEFINITIVAMENTE,MONOLINGUE,MATUTINA,DIARIO(REGULAR),PETɎ,,
17-08-0071-46,,17-013,PETEN,DOLORES,COLEGIO EDUCATIVO DIVERSIFICADO LAS FLORES -CEDIF-,COOPERATIVA LAS FLORES,58502152,BRAULIO AMILCAR CHAN TESUCUN,DAVID ROCAEL COC DUBON,DIVERSIFICADO,PRIVADO,RURAL,CERRADA DEFINITIVAMENTE,MONOLINGUE,VESPERTINA,DIARIO(REGULAR),PETɎ,,
17-08-0072-46,,17-08-1038,PETEN,DOLORES,"LICEO EDUCATIVO ""ARTE Y CULTURA""",CABECERA MUNICIPAL DE DOLORES,33006381,HɃTOR DAVID MAYɎ MILIAN,LISBETH GISSELLA DVILA OVANDO,DIVERSIFICADO,PRIVADO,URBANA,ABIERTA,MONOLINGUE,DOBLE,FIN DE SEMANA,PETɎ,,
17-08-0088-46,,17-08-1039,PETEN,DOLORES,"CENTRO EDUCATIVO ""MOPN"" -CEMOP-","ALDEA CALZADA MOPN, DOLORES, PETɎ",49723637,MARIO AROLDO GUZMAN ALDANA,DEISY ADAL͠NAJARRO ZUщGA,DIVERSIFICADO,PRIVADO,RURAL,ABIERTA,MONOLINGUE,VESPERTINA,DIARIO(REGULAR),PETɎ,,
17-08-0090-46,,17-012,PETEN,DOLORES,"LICEO EDUCATIVO ""ARTE Y CULTURA"" LICENCIADO HUGO LEONEL BONILLA FLORIN",CASERIO SABANETAS,79366005,HɃTOR DAVID MAYɎ MILIN,NORBERTO ANTONIO OVANDO HEREDIA,DIVERSIFICADO,PRIVADO,RURAL,CERRADA TEMPORALMENTE,MONOLINGUE,DOBLE,FIN DE SEMANA,PETɎ,,
17-08-0095-46,,17-08-1038,PETEN,DOLORES,COLEGIO MIXTO PRIVADO NUESTRA SEяRA DE LOS DOLORES,BARRIO EL CENTRO,32620218,HɃTOR DAVID MAYɎ MILIAN,ESTUARDO TOMS CORZO ALDANA,DIVERSIFICADO,PRIVADO,URBANA,ABIERTA,MONOLINGUE,VESPERTINA,DIARIO(REGULAR),PETɎ,,
17-08-0096-46,,17-012,PETEN,DOLORES,"COLEGIO ""SAN MARTIN DE PORRES""",BARRIO SAN RAMON,79266095,HɃTOR DAVID MAYɎ MILIN,SANTOS DAVID MIGUEL CORDӎ,DIVERSIFICADO,PRIVADO,URBANA,CERRADA TEMPORALMENTE,MONOLINGUE,VESPERTINA,DIARIO(REGULAR),PETɎ,,
17-08-0098-46,,17-08-1038,PETEN,DOLORES,"COLEGIO ""IXTANCHE""","BARRIO EL CENTRO, BARRIO EL CENTRO, DOLORES, PETEN",58251277,HɃTOR DAVID MAYɎ MILIAN,OLGA ICAL YAQUE,DIVERSIFICADO,PRIVADO,URBANA,ABIERTA,MONOLINGUE,DOBLE,FIN DE SEMANA,PETɎ,,
17-08-0101-46,,17-003,PETEN,DOLORES,LICEO INTEGRAL NUEVA GENERACION - LING-,CARRIO EL PEDREGAL,41821593,JUAN ANTONIO REQUENA COCӎ,LISBETH YESENIA CRUZ CASTILLO,DIVERSIFICADO,PRIVADO,URBANA,CERRADA TEMPORALMENTE,MONOLINGUE,DOBLE,FIN DE SEMANA,PETɎ,,
17-08-0102-46,,,PETEN,DOLORES,CENTRO EDUCATIVO INTEGRAL MANANTIAL DE SABIDURIA-CEINSA-,5A.AV.ZONA 1 BARRIO EL CENTRO,51689548,,ASCENCION LOPEZ HERNANDEZ,DIVERSIFICADO,PRIVADO,URBANA,CERRADA DEFINITIVAMENTE,MONOLINGUE,DOBLE,FIN DE SEMANA,PETɎ,,
17-08-0103-46,,17-014,PETEN,DOLORES,CENTRO EDUCATIVO MOPAN CEMOP-,CALZADA MOPAN,49723637,MARIO AROLDO GUZMAN ALDANA,DEISY ADAL͠NAJARRO ZUщGA,DIVERSIFICADO,PRIVADO,RURAL,CERRADA DEFINITIVAMENTE,MONOLINGUE,DOBLE,FIN DE SEMANA,PETɎ,,
17-08-0105-46,,17-08-1038,PETEN,DOLORES,"CENTRO EDUCATIVO ""RABI ANIBAL E. ALVAREZ MORALES""",BARRIO EL MIRADOR,57663555,HɃTOR DAVID MAYɎ MILIAN,MARLENY ELIZABETH HERRERA HEREDIA,DIVERSIFICADO,PRIVADO,URBANA,ABIERTA,MONOLINGUE,DOBLE,FIN DE SEMANA,PETɎ,,
17-08-0108-46,,17-08-1039,PETEN,DOLORES,"CENTRO EDUCATIVO ""MOPAN"" -CEMOP-",ALDEA CALZADA MOPAN,49723637,MARIO AROLDO GUZMAN ALDANA,DEISY ADAL͠NAJARRO ZUщGA,DIVERSIFICADO,PRIVADO,RURAL,ABIERTA,MONOLINGUE,DOBLE,FIN DE SEMANA,PETɎ,,
17-08-0111-46,,17-08-1039,PETEN,DOLORES,"CENTRO EDUCATIVO ""MOPAN"" -CEMOP-",ALDEA CALZADA MOPAN,49723637,MARIO AROLDO GUZMAN ALDANA,DEISY ADAL͠NAJARRO ZUщGA,DIVERSIFICADO,PRIVADO,RURAL,ABIERTA,MONOLINGUE,SIN JORNADA,SEMIPRESENCIAL (UN D́ A LA SEMANA),PETɎ,,
17-08-0112-46,,17-08-1038,PETEN,DOLORES,"COLEGIO ""IXTANCHɢ","BARRIO EL CENTRO, MUNICIPIO DE DOLORES, PETEN.",58251277,HɃTOR DAVID MAYɎ MILIAN,OLGA ICAL YAQUE,DIVERSIFICADO,PRIVADO,URBANA,ABIERTA,MONOLINGUE,SIN JORNADA,SEMIPRESENCIAL (UN D́ A LA SEMANA),PETɎ,,
17-08-0113-46,,17-08-1038,PETEN,DOLORES,"CENTRO EDUCATIVO ""RAB͠ ANIBAL E. ALVAREZ MORALES""",BARRIO EL MIRADOR,55570117,HɃTOR DAVID MAYɎ MILIAN,EVERTH NEFTAL͠QUIXCHN RODR͇UEZ,DIVERSIFICADO,PRIVADO,URBANA,ABIERTA,MONOLINGUE,SIN JORNADA,SEMIPRESENCIAL (UN D́ A LA SEMANA),PETɎ,,
17-08-0124-46,,17-08-1038,PETEN,DOLORES,INED,BARIO NUEVO DEL CARMEN,46459393,HɃTOR DAVID MAYɎ MILIAN,MILCIA MARLENE JERӎIMO MART͎EZ,DIVERSIFICADO,OFICIAL,RURAL,ABIERTA,MONOLINGUE,VESPERTINA,DIARIO(REGULAR),PETɎ,,
17-08-0127-46,,17-08-1039,PETEN,DOLORES,INED INSTITUTO NACIONAL DE EDUCACIӎ DIVERSIFICADA,ALDEA CALZADA MOPN,51727394,MARIO AROLDO GUZMAN ALDANA,,DIVERSIFICADO,OFICIAL,RURAL,ABIERTA,MONOLINGUE,VESPERTINA,DIARIO(REGULAR),PETɎ,,
17-08-0129-46,,17-08-1039,PETEN,DOLORES,COLEGIO CRISTIANO GILGAL,SABANETA,53175015,MARIO AROLDO GUZMAN ALDANA,LESVIA YORLENI ROSA ORANTES,DIVERSIFICADO,PRIVADO,RURAL,ABIERTA,MONOLINGUE,VESPERTINA,DIARIO(REGULAR),PETɎ,,
17-08-0484-46,,,PETEN,DOLORES,INSTITUTO PRIVADO DE CIENCIAS COMERCIALES 'ANTONIO BUSTAMENTE',,,,,DIVERSIFICADO,PRIVADO,URBANA,CERRADA TEMPORALMENTE,MONOLINGUE,VESPERTINA,DIARIO(REGULAR),PETɎ,,
17-08-0489-46,,17-013,PETEN,DOLORES,ESCUELA DE COMERCIO,ALDEA EL CHAL,,BRAULIO AMILCAR CHAN TESUCUN,,DIVERSIFICADO,PRIVADO,RURAL,CERRADA DEFINITIVAMENTE,MONOLINGUE,VESPERTINA,DIARIO(REGULAR),PETɎ,,
17-08-3107-46,,17-08-1038,PETEN,DOLORES,LICEO EDUCATIVO ARTE Y CULTURA,BARRIO EL CENTRO,33006381,HɃTOR DAVID MAYɎ MILIAN,LISBETH GISSELLA DVILA OVANDO,DIVERSIFICADO,PRIVADO,URBANA,ABIERTA,MONOLINGUE,VESPERTINA,DIARIO(REGULAR),PETɎ,,
17-08-3207-46,,17-08-1038,PETEN,DOLORES,"COLEGIO ""SAN MARTIN DE PORRES""",CABECERA MUNICIPAL DE DOLORES,79266095,HɃTOR DAVID MAYɎ MILIAN,LOIDA DMARIS HOIL BERTRUY,DIVERSIFICADO,PRIVADO,URBANA,ABIERTA,MONOLINGUE,INTERMEDIA,DIARIO(REGULAR),PETɎ,,
17-08-4046-46,,17-013,PETEN,DOLORES,"LICEO EDUCATIVO ""SALEM""",ALDEA EL CHAL,49194715,BRAULIO AMILCAR CHAN TESUCUN,MAYRA ISABEL ESTRADA BAUTISTA,DIVERSIFICADO,PRIVADO,RURAL,CERRADA DEFINITIVAMENTE,MONOLINGUE,VESPERTINA,DIARIO(REGULAR),PETɎ,,
17-08-4056-46,,17-013,PETEN,DOLORES,LICEO EDUCATIVO SALEM,ALDEAL EL CHAL,58505870,BRAULIO AMILCAR CHAN TESUCUN,MAYRA ISABEL ESTRADA BAUTISTA,DIVERSIFICADO,PRIVADO,RURAL,CERRADA DEFINITIVAMENTE,MONOLINGUE,DOBLE,FIN DE SEMANA,PETɎ,,
17-08-4101-46,,17-002,PETEN,DOLORES,COOPERACION MESOAMERICANA PARA EL DESARROLLO Y LA PAZ -COMADEP-,ALDEA SANTA ELENA DE LA CRUZ,78210006,LILIA SAUDITA SUNTECUN CHAN,,DIVERSIFICADO,PRIVADO,RURAL,CERRADA DEFINITIVAMENTE,BILINGUE,DOBLE,A DISTANCIA,PETɎ,,
17-09-0002-46,,17-09-1040,PETEN,SAN LUIS,"LICEO COMERCIAL ""NUEVA ENSEсNZA""",BARRIO EL PARAISO,79266780,DALILA MADRID DUQUE,EDILSAR DE JESUS PAN BOL,DIVERSIFICADO,PRIVADO,URBANA,ABIERTA,MONOLINGUE,DOBLE,FIN DE SEMANA,PETɎ,,
17-09-0004-46,,17-015,PETEN,SAN LUIS,COLEGIO MIXTO PRIVADO SAN PEDRO MARTIR DE VERONA,BARRIO LA GASOLINERA ALDEA CHACTE,32589750,DAMIAN AC CAHUEC,BERNARDINO MɎDEZ YAQUE,DIVERSIFICADO,PRIVADO,RURAL,ABIERTA,MONOLINGUE,VESPERTINA,DIARIO(REGULAR),PETɎ,,
17-09-0005-46,,17-09-1040,PETEN,SAN LUIS,INSTITUTO PRIVADO FUENTE DEL SABER,CABECERA MUNICIPAL,40379592,DALILA MADRID DUQUE,ROSA MELITZA MOZCOSO VELA,DIVERSIFICADO,PRIVADO,URBANA,ABIERTA,MONOLINGUE,DOBLE,FIN DE SEMANA,PETɎ,,
17-09-0011-46,,17-016,PETEN,SAN LUIS,"COLEGIO MIXTO PRIVADO ""SAN LUIS""",BARRIO VISTA HERMOSA,51784252,OCTAVIO LONE GUERRA,EDI ALFREDO SALAZAR GARĆ,DIVERSIFICADO,PRIVADO,URBANA,CERRADA TEMPORALMENTE,MONOLINGUE,VESPERTINA,DIARIO(REGULAR),PETɎ,,
17-09-0121-46,,17-025,PETEN,SAN LUIS,INSTITUTO NACIONAL DE EDUCACION DIVERSIFICADA,BARRIO EL CRUCERO,,FIDEL OMAR HERNNDEZ RAM͒EZ,---,DIVERSIFICADO,OFICIAL,RURAL,CERRADA DEFINITIVAMENTE,MONOLINGUE,VESPERTINA,DIARIO(REGULAR),PETɎ,,
17-09-0122-46,,17-09-1042,PETEN,SAN LUIS,INSTITUTO NACIONAL DE EDUCACION DIVERSIFICADA,ALDEA CHACTE,38289379,DAMIAN AC CAHUEC,FRANCISCO CUZ CAAL,DIVERSIFICADO,OFICIAL,RURAL,ABIERTA,MONOLINGUE,VESPERTINA,DIARIO(REGULAR),PETɎ,,
17-09-0144-46,,17-09-1041,PETEN,SAN LUIS,INSTITUTO DIVERSIFICADO POR COOPERATIVA ITZAMNA,ALDEA CHINCHILA,46449918,EDWIN HUMBERTO MONTERO ALDANA,GLADIS ESTELA CORTɚ GARĆ,DIVERSIFICADO,COOPERATIVA,RURAL,ABIERTA,MONOLINGUE,VESPERTINA,DIARIO(REGULAR),PETɎ,,
17-09-0150-46,,17-025,PETEN,SAN LUIS,ESCUELA DE EDUCACION INTEGRAL,BARRIO EL CRUCE,,FIDEL OMAR HERNNDEZ RAM͒EZ,ANGELICA DE MARIA PALENCIA SAMAYOA,DIVERSIFICADO,PRIVADO,RURAL,CERRADA DEFINITIVAMENTE,MONOLINGUE,MATUTINA,DIARIO(REGULAR),PETɎ,,
17-09-0151-46,,17-025,PETEN,SAN LUIS,ESCUELA DE EDUCACION INTEGRAL,BARRIO EL CRUCE,,FIDEL OMAR HERNNDEZ RAM͒EZ,ARISTEO TUNAY CALVO,DIVERSIFICADO,PRIVADO,RURAL,CERRADA DEFINITIVAMENTE,MONOLINGUE,VESPERTINA,DIARIO(REGULAR),PETɎ,,
17-09-0152-46,,17-025,PETEN,SAN LUIS,ESCUELA DE EDUCACION INTEGRAL,BARRIO EL CRUCE,,FIDEL OMAR HERNNDEZ RAM͒EZ,ARISTEO TUNAY CALVO,DIVERSIFICADO,PRIVADO,RURAL,CERRADA DEFINITIVAMENTE,MONOLINGUE,DOBLE,FIN DE SEMANA,PETɎ,,
17-09-0155-46,,17-025,PETEN,SAN LUIS,COLEGIO MIXTO PRIVADO EBEN EZER,CASERIO CAIN,,FIDEL OMAR HERNNDEZ RAM͒EZ,JOSE CURIALES BARRERA,DIVERSIFICADO,PRIVADO,RURAL,CERRADA TEMPORALMENTE,MONOLINGUE,VESPERTINA,DIARIO(REGULAR),PETɎ,,
17-09-0156-46,,17-016,PETEN,SAN LUIS,COLEGIO MIXTO PRIVADO EBEN EZER,CASERIO CAIN,,OCTAVIO LONE GUERRA,JOSɠ CURIALES BARRERA,DIVERSIFICADO,PRIVADO,RURAL,ABIERTA,MONOLINGUE,DOBLE,FIN DE SEMANA,PETɎ,,
17-09-0160-46,,17-016,PETEN,SAN LUIS,LICEO COMERCIAL NUEVA ENSEсNZA,BARRIO EL PARAISO,79266780,OCTAVIO LONE GUERRA,EDILSAR DE JESUS PAN BOL,DIVERSIFICADO,PRIVADO,URBANA,CERRADA TEMPORALMENTE,BILINGUE,VESPERTINA,DIARIO(REGULAR),PETɎ,,
17-09-0163-46,,17-017,PETEN,SAN LUIS,"INSTITUTO MIXTO DE EDUCACION BILINGUE INTERCULTURAL -IMEBI- ""LA BALSA""",ALDEA LA BALSA,47785393,RENE XUC PACHAM,EMELDINA GASPAR HERNANDEZ,DIVERSIFICADO,PRIVADO,RURAL,CERRADA DEFINITIVAMENTE,BILINGUE,DOBLE,FIN DE SEMANA,PETɎ,,
17-09-0300-46,,17-031,PETEN,SAN LUIS,INSTITUTO MIXTO DE EDUCACION BILINGUE INTERCULTURAL-IMEBI-,ALDEA TZUNCAL,57421363,GREGORIO ARGUETA SAMAYOA,MARIANO CHOLOM CUCUL,DIVERSIFICADO,PRIVADO,RURAL,CERRADA TEMPORALMENTE,MONOLINGUE,VESPERTINA,DIARIO(REGULAR),PETɎ,,
17-09-0317-46,,17-09-1045,PETEN,SAN LUIS,"COLEGIO MIXTO PRIVADO EL HORIZONTE ""COMPEH""",BARRIO EL HORIZONTE ALDEA MACHAQUILAITO,49885420,NICOLS POP CAC,EĹS BOLӎ TUX,DIVERSIFICADO,PRIVADO,RURAL,ABIERTA,MONOLINGUE,VESPERTINA,DIARIO(REGULAR),PETɎ,,
17-09-0318-46,,17-017,PETEN,SAN LUIS,COLEGIO MIXTO PRIVADO EL HORIZONTE COMPEH,BARRIO EL HORIZONTE ALDEA MACHAQUILAITO,49885420,RENE XUC PACHAM,EĹS BOLӎ TUX,DIVERSIFICADO,PRIVADO,RURAL,CERRADA DEFINITIVAMENTE,MONOLINGUE,DOBLE,FIN DE SEMANA,PETɎ,,
17-09-0319-46,,17-09-1045,PETEN,SAN LUIS,"COLEGIO MIXTO PRIVADO EL HORIZONTE ""COMPEH""",BARRIO EL HORIZONTE ALDEA MACHAQUILAITO,49885420,NICOLS POP CAC,EĹS BOLӎ TUX,DIVERSIFICADO,PRIVADO,RURAL,ABIERTA,MONOLINGUE,DOBLE,FIN DE SEMANA,PETɎ,,
17-09-0322-46,,17-015,PETEN,SAN LUIS,COLEGIO MIXTO PRIVADO SAN PEDRO MARTIR DE VERONA,ALDEA CHACTE,49006414,DAMIAN AC CAHUEC,BERNARDINO MɎDEZ YAQUE,DIVERSIFICADO,PRIVADO,RURAL,ABIERTA,MONOLINGUE,DOBLE,FIN DE SEMANA,PETɎ,,
17-09-0327-46,,17-016,PETEN,SAN LUIS,COLEGIO MIXTO PRIVADO SAN LUIS,BARRIO VISTA HERMOSA,42772186,OCTAVIO LONE GUERRA,AIDA ARELY SALAZAR BERNAL,DIVERSIFICADO,PRIVADO,URBANA,CERRADA DEFINITIVAMENTE,MONOLINGUE,SIN JORNADA,SEMIPRESENCIAL (UN D́ A LA SEMANA),PETɎ,,
17-09-0329-46,,17-09-1040,PETEN,SAN LUIS,INSTITUTO PRIVADO FUENTE DEL SABER,BARRIO TIKAJAL,40379492,DALILA MADRID DUQUE,ROSA MELITZA MOZCOSO VELA,DIVERSIFICADO,PRIVADO,URBANA,ABIERTA,MONOLINGUE,SIN JORNADA,SEMIPRESENCIAL (UN D́ A LA SEMANA),PETɎ,,
17-09-0331-46,,17-09-1040,PETEN,SAN LUIS,INSTITUTO PRIVADO FUENTE DEL SABER,BARRIO TIKAJAL,40379592,DALILA MADRID DUQUE,ROSA MELITZA MOZCOSO VELA,DIVERSIFICADO,PRIVADO,URBANA,ABIERTA,MONOLINGUE,DOBLE,FIN DE SEMANA,PETɎ,,
17-09-0332-46,,17-09-1045,PETEN,SAN LUIS,COLEGIO MIXTO PRIVADO EL HORIZONTE-COMPEH-,BARRIO EL HORIZONTE ALDEA MACHAQUILAITO,49885420,NICOLS POP CAC,EĹS BOLӎ TUX,DIVERSIFICADO,PRIVADO,RURAL,ABIERTA,MONOLINGUE,SIN JORNADA,SEMIPRESENCIAL (UN D́ A LA SEMANA),PETɎ,,
17-09-0333-46,,17-09-1040,PETEN,SAN LUIS,LICEO COMERCIAL NUEVA ENSEсNZA,BARRIO EL PARAISO,79267780,DALILA MADRID DUQUE,SABRINA MARISOL COY CHUB,DIVERSIFICADO,PRIVADO,URBANA,ABIERTA,MONOLINGUE,SIN JORNADA,SEMIPRESENCIAL (UN D́ A LA SEMANA),PETɎ,,
17-09-0340-46,,17-09-1040,PETEN,SAN LUIS,INED INSTITUTO NACIONAL DE EDUCACIӎ DIVERSIFICADA,BARRIO TIKAJAL,30456021,DALILA MADRID DUQUE,,DIVERSIFICADO,OFICIAL,URBANA,ABIERTA,BILINGUE,VESPERTINA,DIARIO(REGULAR),PETɎ,,
17-09-0341-46,,17-09-1041,PETEN,SAN LUIS,INED INSTITUTO NACIONAL DE EDUCACIӎ DIVERSIFICADA,ALDEA LA CAOBA,49576450,EDWIN HUMBERTO MONTERO ALDANA,,DIVERSIFICADO,OFICIAL,RURAL,ABIERTA,BILINGUE,VESPERTINA,DIARIO(REGULAR),PETɎ,,
17-09-1105-46,,,PETEN,SAN LUIS,ESCUELA PRIVADA DE CIENCIAS COMERCIALES,,,,,DIVERSIFICADO,PRIVADO,URBANA,CERRADA TEMPORALMENTE,MONOLINGUE,NOCTURNA,DIARIO(REGULAR),PETɎ,,
17-09-2452-46,,17-016,PETEN,SAN LUIS,COLEGIO MIXTO PRIVADO SAN LUIS,SAN LUIS,79266656,OCTAVIO LONE GUERRA,AIDA ARELY SALAZAR BERNAL,DIVERSIFICADO,PRIVADO,URBANA,CERRADA TEMPORALMENTE,MONOLINGUE,VESPERTINA,DIARIO(REGULAR),PETɎ,,
17-09-2453-46,,17-09-1040,PETEN,SAN LUIS,LICEO COMERCIAL NUEVA ENSEсNZA,BARRIO EL PARAISO,79266780,DALILA MADRID DUQUE,SABRINA MARISOL COY CHUB,DIVERSIFICADO,PRIVADO,URBANA,ABIERTA,MONOLINGUE,MATUTINA,DIARIO(REGULAR),PETɎ,,
17-09-3725-46,,17-016,PETEN,SAN LUIS,LICEO COMERCIAL NUEVA ENSEсNZA,BARRIO EL PARAISO,79266780,OCTAVIO LONE GUERRA,EDILSAR DE JESUS PAN BOL,DIVERSIFICADO,PRIVADO,URBANA,CERRADA DEFINITIVAMENTE,MONOLINGUE,MATUTINA,FIN DE SEMANA,PETɎ,,
17-09-3726-46,,17-016,PETEN,SAN LUIS,COLEGIO MIXTO PRIVADO SAN LUIS POR MADUREZ,SAN LUIS SAN LUIS,42772186,OCTAVIO LONE GUERRA,AIDA ARELY SALAZAR BERNAL,DIVERSIFICADO,PRIVADO,URBANA,CERRADA DEFINITIVAMENTE,MONOLINGUE,DOBLE,FIN DE SEMANA,PETɎ,,
17-09-3863-46,,17-010,PETEN,SAN LUIS,INSTITUTO DIVERSIFICADO POR COOPERATIVA,ALDEA CHINCHILA,30779277,EDWIN HUMBERTO MONTERO ALDANA,RENɠ XUC PACHAM,DIVERSIFICADO,COOPERATIVA,RURAL,CERRADA DEFINITIVAMENTE,MONOLINGUE,VESPERTINA,DIARIO(REGULAR),PETɎ,,
17-09-3864-46,,17-016,PETEN,SAN LUIS,INSTITUTO TECNICO EXPERIMENTAL EN RECURSOS NATURALES KUXLINJA,BARRIO LA FLORIDA,30437557,OCTAVIO LONE GUERRA,HELIODORO CHIAC COHUOJ,DIVERSIFICADO,PRIVADO,URBANA,CERRADA DEFINITIVAMENTE,MONOLINGUE,VESPERTINA,DIARIO(REGULAR),PETɎ,,
17-09-3970-46,,17-016,PETEN,SAN LUIS,LICEO TECNICO CRISTIANO 'LA ESPERANZA',BARRIO EL CENTRO,66502390 65864538,OCTAVIO LONE GUERRA,,DIVERSIFICADO,PRIVADO,URBANA,CERRADA TEMPORALMENTE,MONOLINGUE,VESPERTINA,DIARIO(REGULAR),PETɎ,,
17-09-4145-46,,17-016,PETEN,SAN LUIS,CENTRO EDUCATIVO MAYA ASUNCIӎ,CABECERA MUNICIPAL,40475589,OCTAVIO LONE GUERRA,ALICIA MAŔ PRIVADO CATALN,DIVERSIFICADO,PRIVADO,URBANA,ABIERTA,MONOLINGUE,MATUTINA,DIARIO(REGULAR),PETɎ,,
17-09-4146-46,,17-025,PETEN,SAN LUIS,COLEGIO MIXTO CRISTIANO REY DE REYES,CABECERA MUNICIPAL,,FIDEL OMAR HERNNDEZ RAM͒EZ,,DIVERSIFICADO,PRIVADO,URBANA,CERRADA DEFINITIVAMENTE,MONOLINGUE,VESPERTINA,DIARIO(REGULAR),PETɎ,,
17-09-4152-46,,17-025,PETEN,SAN LUIS,COLEGIO NA LEB,CABECERA MUNICIPAL,,FIDEL OMAR HERNNDEZ RAM͒EZ,,DIVERSIFICADO,PRIVADO,URBANA,CERRADA DEFINITIVAMENTE,MONOLINGUE,VESPERTINA,DIARIO(REGULAR),PETɎ,,
17-09-4156-46,,17-09-1040,PETEN,SAN LUIS,"""INSTITUTO PRIVADO FUENTE DEL SABER""",CABECERA MUNICIPAL,40379592,DALILA MADRID DUQUE,ROSA MELITZA MOZCOSO VELA,DIVERSIFICADO,PRIVADO,URBANA,ABIERTA,MONOLINGUE,VESPERTINA,DIARIO(REGULAR),PETɎ,,
17-10-0015-46,,17-042,PETEN,SAYAXCHE,INSTITUTO PARTICULAR MIXTO PLAN FIN DE SEMANA LICENCIADO VALENTIN DEL VALLE GONGORA,ALDEA RANCHO ALEGRE,57276870,RODERICO DE LA CRUZ ICAL,RAMON EDUARDO GONGORA MUSUL,DIVERSIFICADO,PRIVADO,RURAL,CERRADA TEMPORALMENTE,MONOLINGUE,DOBLE,FIN DE SEMANA,PETɎ,,
17-10-0016-46,,17-016,PETEN,SAYAXCHE,INSTITUTO PRIVADO FUENTE DEL SABER,,40379592,OCTAVIO LONE GUERRA,ROSA MELITZA MOSCOSO VELA CASTELLANOS,DIVERSIFICADO,PRIVADO,URBANA,CERRADA DEFINITIVAMENTE,MONOLINGUE,DOBLE,FIN DE SEMANA,PETɎ,,
17-10-0143-46,,17-018,PETEN,SAYAXCHE,INSTITUTO NACIONAL DE EDUCACION DIVERSIFICADA,BARRIO LA DEMOCRACIA,,HUGO RENɠMACZ POP,---,DIVERSIFICADO,OFICIAL,RURAL,CERRADA DEFINITIVAMENTE,MONOLINGUE,VESPERTINA,DIARIO(REGULAR),PETɎ,,
17-10-0178-46,,17-018,PETEN,SAYAXCHE,"ESCUELA DE CIENCIAS COMERCIALES ""SAN ANTONIO DE PADUA""",BARRIO EL CENTRO SAYAXCHE,79286043,HUGO RENɠMACZ POP,JULIAN CARTER CASTELLANOS,DIVERSIFICADO,PRIVADO,URBANA,ABIERTA,MONOLINGUE,VESPERTINA,DIARIO(REGULAR),PETɎ,,
17-10-0179-46,,17-018,PETEN,SAYAXCHE,"ESCUELA DE CIENCIAS COMERCIALES ""SAN ANTONIO DE PADUA""",BARRIO EL CENTRO,58041848,HUGO RENɠMACZ POP,JULIN GUSTAVO LUCERO REQUENA,DIVERSIFICADO,PRIVADO,URBANA,ABIERTA,MONOLINGUE,DOBLE,FIN DE SEMANA,PETɎ,,
17-10-0183-46,,17-042,PETEN,SAYAXCHE,INSTITUTO PARTICULAR MIXTO PLAN FIN DE SEMANA LICENCIADO VALENTIN DEL VALLE CONGORA,ALDEA RANCHO ALEGRE,57276870,RODERICO DE LA CRUZ ICAL,RAMON EDUARDO GONGORA MUSUL,DIVERSIFICADO,PRIVADO,RURAL,CERRADA TEMPORALMENTE,MONOLINGUE,VESPERTINA,DIARIO(REGULAR),PETɎ,,
17-10-0184-46,,17-10-1050,PETEN,SAYAXCHE,INSTITUTO PRIVADO VESPERTINO PROF. JOSE OTILIO FLORES CARBAJAL,ALDEA TIERRA BLANCA,59061172,HERVIN ESMERALDO ESPAс,LESLY ELIZABETH MORN LEIVA,DIVERSIFICADO,PRIVADO,RURAL,ABIERTA,MONOLINGUE,DOBLE,FIN DE SEMANA,PETɎ,,
17-10-0185-46,,,PETEN,SAYAXCHE,INSTITUTO PRIVADO VESPERTINO PROF. JOSE OTILIO FLORES CARBAJAL,ALDEA TIERRA BLANCA,45855543,,RODERICO ROMAN LOPEZ CASTELLANOS,DIVERSIFICADO,PRIVADO,RURAL,CERRADA TEMPORALMENTE,MONOLINGUE,VESPERTINA,DIARIO(REGULAR),PETɎ,,
17-10-0186-46,,17-024,PETEN,SAYAXCHE,INSTITUTO PRIVADO VESPERTINO PROF. JOSE OTILIO FLORES CARBAJAL,ALDEA TIERRA BLANCA,79286513,RODERICO DE LA CRUZ ICAL,ANY YAMILETH FLORES LEIVA,DIVERSIFICADO,PRIVADO,RURAL,CERRADA DEFINITIVAMENTE,MONOLINGUE,DOBLE,FIN DE SEMANA,PETɎ,,
17-10-0189-46,,17-034,PETEN,SAYAXCHE,INSTITUTO INTERCULTURAL MIXTO YUM KAAX,CASERIO TEZULUTLAN I,45120706,RICARDO SUB XOL,FEDERICO MO POP,DIVERSIFICADO,PRIVADO,RURAL,CERRADA DEFINITIVAMENTE,MONOLINGUE,VESPERTINA,DIARIO(REGULAR),PETɎ,,
17-10-0193-46,,17-10-1051,PETEN,SAYAXCHE,CENTRO EDUCATIVO CANCUEN,ALDEA EL PATO,30588161,RODERICO DE LA CRUZ ICAL,MERLI VIVIANA BETANCOڒTH RIVERA,DIVERSIFICADO,PRIVADO,RURAL,ABIERTA,MONOLINGUE,VESPERTINA,DIARIO(REGULAR),PETɎ,,
17-10-0197-46,,17-10-1050,PETEN,SAYAXCHE,"INSTITUTO PRIVADO MIXTO DE EDUCACION MEDIA CON ORIENTACION EN COMPUTACION, FE Y ENSEсNZA",ALDEA TIERRA BLANCA,35672140,HERVIN ESMERALDO ESPAс,DESIDERIO VELASQUEZ JIMENEZ,DIVERSIFICADO,PRIVADO,RURAL,ABIERTA,BILINGUE,VESPERTINA,DIARIO(REGULAR),PETɎ,,
17-10-0205-46,,17-019,PETEN,SAYAXCHE,INSTITUTO PRIVADO MIXTO VESPERTINO JOSE OTILIO FLORES,SAYAXCHE BARRIO EL CENTRO,79286513,NAZARIO BONIFACIO POP ICAL,CARLOS ALBERTO FLORES ZETINA,DIVERSIFICADO,PRIVADO,URBANA,CERRADA TEMPORALMENTE,MONOLINGUE,DOBLE,DIARIO(REGULAR),PETɎ,,
17-10-0207-46,,17-10-1048,PETEN,SAYAXCHE,"COLEGIO PRIVADO MIXTO ""JACOBO ARBENZ GUZMAN""",ALDEA LAS POZAS,30442151,RICARDO SUB XOL,AUGUSTO GARĆ RIVERA,DIVERSIFICADO,PRIVADO,RURAL,ABIERTA,MONOLINGUE,VESPERTINA,DIARIO(REGULAR),PETɎ,,
17-10-0243-46,,17-020,PETEN,SAYAXCHE,"INSTITUTO PRIVADO MIXTO "" LA REYNITA""",ALDEA LA REYNITA,79286513,ALFONZO CLAUDIO SALES,MARIA EDITA LEIVA BARRERA,DIVERSIFICADO,PRIVADO,RURAL,ABIERTA,MONOLINGUE,VESPERTINA,DIARIO(REGULAR),PETɎ,,
17-10-0248-46,,17-10-1048,PETEN,SAYAXCHE,"COLEGIO PRIVADO MIXTO ""JACOBO ARBENZ GUZMAN""",ALDEA LAS POZAS,30442151,RICARDO SUB XOL,AUGUSTO GARĆ RIVERA,DIVERSIFICADO,PRIVADO,RURAL,ABIERTA,MONOLINGUE,VESPERTINA,DIARIO(REGULAR),PETɎ,,
17-10-0249-46,,17-10-1048,PETEN,SAYAXCHE,COLEGIO PRIVADO MIXTO JACOBO ARBENZ GUZMAN,ALDEA LAS POZAS,30432696,RICARDO SUB XOL,TOMAS GARĆ RIVERA,DIVERSIFICADO,PRIVADO,RURAL,ABIERTA,MONOLINGUE,DOBLE,FIN DE SEMANA,PETɎ,,
17-10-0250-46,,17-019,PETEN,SAYAXCHE,COLEGIO PRIVADO MIXTO JACOBO ARBENZ GUZMAN,ALDEA LAS POZAS,49312597,NAZARIO BONIFACIO POP ICAL,TOMAS GARĆ RIVERA,DIVERSIFICADO,PRIVADO,RURAL,CERRADA DEFINITIVAMENTE,MONOLINGUE,DOBLE,FIN DE SEMANA,PETɎ,,
17-10-0251-46,,17-018,PETEN,SAYAXCHE,INSTITUTO PARTICULAR MIXTO PAL F. DE SEMANA VALENTIN DEL VALLE GONGORA,BARRIO EL CENTRO ALDEA RANCHO ALEGRE,30854215,HUGO RENɠMACZ POP,GLADIS ODILY MARTINEZ RAMOS,DIVERSIFICADO,PRIVADO,RURAL,CERRADA DEFINITIVAMENTE,MONOLINGUE,DOBLE,FIN DE SEMANA,PETɎ,,
17-10-0252-46,,17-018,PETEN,SAYAXCHE,"INSTITUTO PARTICULAR MIXTO, PLAN FIN DE SEMANA, LICENCIADO VALENTIN DEL VALLE GONGORA""",ALDEA RANCHO ALEGRE,37510203,HUGO RENɠMACZ POP,GLADIS ODILY MARTINEZ RAMOS,DIVERSIFICADO,PRIVADO,RURAL,ABIERTA,MONOLINGUE,DOBLE,FIN DE SEMANA,PETɎ,,
17-10-0253-46,,17-018,PETEN,SAYAXCHE,INSTITUTO PARTICULAR MIXTO PLAN FIN DE SEMANA VALENTIN DEL VALLE GONGORA,BARRIO EL CENTRO ALDEA RANCHO ALEGRE,57276870,HUGO RENɠMACZ POP,GLADIS ODILY MARTINEZ RAMOS,DIVERSIFICADO,PRIVADO,RURAL,ABIERTA,MONOLINGUE,VESPERTINA,DIARIO(REGULAR),PETɎ,,
17-10-0256-46,,17-10-1049,PETEN,SAYAXCHE,INSTITUTO NACIONAL DE EDUCACIӎ DIVERSIFICADA -INED-,COOPERATIVA UNION SAN JUAN ENTRE RIOS,32875394,ALFONZO CLAUDIO SALES,NOE ASICONA CABA,DIVERSIFICADO,OFICIAL,RURAL,ABIERTA,MONOLINGUE,VESPERTINA,DIARIO(REGULAR),PETɎ,,
17-10-0262-46,,17-10-1046,PETEN,SAYAXCHE,"INSTITUTO PRIVADO MIXTO VESPERTINO ""PROF. JOSE OTILIO FLORES CARBAJAL""",BARRIO EL CENTRO,31179873,HUGO RENɠMACZ POP,ANY YAMILETH FLORES LEIVA,DIVERSIFICADO,PRIVADO,URBANA,ABIERTA,MONOLINGUE,DOBLE,DIARIO(REGULAR),PETɎ,,
17-10-0271-46,,17-10-1051,PETEN,SAYAXCHE,COLEGIO MIXTO PRIVADO STEVE JOVS,ALDEA EL PATO,30588161,RODERICO DE LA CRUZ ICAL,VILDA JUDITH ORTIZ RIVERA,DIVERSIFICADO,PRIVADO,RURAL,ABIERTA,MONOLINGUE,DOBLE,FIN DE SEMANA,PETɎ,,
17-10-0272-46,,17-020,PETEN,SAYAXCHE,COLEGIO MIXTO PRIVADO STEVE JOVS,ALDEA EL PATO,30588161,ALFONZO CLAUDIO SALES,WENDY KARINA GONZALEZ SANTIAGO,DIVERSIFICADO,PRIVADO,RURAL,CERRADA DEFINITIVAMENTE,MONOLINGUE,DOBLE,FIN DE SEMANA,PETɎ,,
17-10-0273-46,,17-019,PETEN,SAYAXCHE,CENTRO EDUCATIVO PRIVADO MIXTO VISION INTEGRAL- CEVI-,ALDEA LAS POZAS,57368474,NAZARIO BONIFACIO POP ICAL,PEDRO FRANCISCO XɠCAL,DIVERSIFICADO,PRIVADO,RURAL,CERRADA DEFINITIVAMENTE,MONOLINGUE,DOBLE,FIN DE SEMANA,PETɎ,,
17-10-0274-46,,17-10-1048,PETEN,SAYAXCHE,CENTRO EDUCATIVO PRIVADO MIXTO VISION INTEGRAL -CEVI-,ALDEA LAS POZAS,57292514,RICARDO SUB XOL,PEDRO FRANCISCO XɠCAL,DIVERSIFICADO,PRIVADO,RURAL,ABIERTA,MONOLINGUE,DOBLE,FIN DE SEMANA,PETɎ,,
17-10-0284-46,,17-019,PETEN,SAYAXCHE,CENTRO EDUCATIVO PRIVADO MIXTO VISION INTEGRAL-CEVI-,ALDEA LAS POZAS,57368474,NAZARIO BONIFACIO POP ICAL,ERNESTO COY CHEN,DIVERSIFICADO,PRIVADO,RURAL,CERRADA DEFINITIVAMENTE,MONOLINGUE,VESPERTINA,DIARIO(REGULAR),PETɎ,,
17-10-0337-46,,17-10-1048,PETEN,SAYAXCHE,CENTRO EDUCATIVO PRIVADO MIXTO VISION INTEGRAL - CEVI-,ALDEA LAS POZAS,57292514,RICARDO SUB XOL,PEDRO FRANCISCO XɠCAL,DIVERSIFICADO,PRIVADO,RURAL,ABIERTA,MONOLINGUE,VESPERTINA,DIARIO(REGULAR),PETɎ,,
17-10-0338-46,,17-019,PETEN,SAYAXCHE,CENTRO EDUCATIVO PRIVADO MIXTO VISION INTEGRAL -CEVI-,ALDE LAS POZAS,57368474,NAZARIO BONIFACIO POP ICAL,ERNESTO COY CHEN,DIVERSIFICADO,PRIVADO,RURAL,CERRADA DEFINITIVAMENTE,MONOLINGUE,VESPERTINA,DIARIO(REGULAR),PETɎ,,
17-10-0339-46,,17-019,PETEN,SAYAXCHE,COLEGIO PRIVADO MIXTO SAN JUAN,CASERIO SAN JUAN ACUL,32394109,NAZARIO BONIFACIO POP ICAL,FREDY ANTONIO CUELLAR RODRUIGUEZ,DIVERSIFICADO,PRIVADO,RURAL,ABIERTA,MONOLINGUE,VESPERTINA,DIARIO(REGULAR),PETɎ,,
17-10-0341-46,,17-10-1047,PETEN,SAYAXCHE,"COLEGIO PRIVADO MIXTO ""SAN JUAN""",CASERIO SAN JUAN ACUL,45877124,NAZARIO BONIFACIO POP ICAL,FREDY ANTONIO CUɌLAR RODR͇UEZ,DIVERSIFICADO,PRIVADO,RURAL,ABIERTA,MONOLINGUE,DOBLE,FIN DE SEMANA,PETɎ,,
17-10-0345-46,,17-024,PETEN,SAYAXCHE,"INSTITUTO PRIVADO MIXTO LA ""CEIBITA""",CASERIO LA CEIBITA,31179875,RODERICO DE LA CRUZ ICAL,ANY YAMILETH FLORES LEIVA,DIVERSIFICADO,PRIVADO,RURAL,CERRADA TEMPORALMENTE,MONOLINGUE,DOBLE,FIN DE SEMANA,PETɎ,,
17-10-0346-46,,17-10-1049,PETEN,SAYAXCHE,INSTITUTO PRIVADO MIXTO LA REINITA,ALDEA LA REINITA,57869854,ALFONZO CLAUDIO SALES,MARIA EDITA LEIVA BARRERA,DIVERSIFICADO,PRIVADO,RURAL,ABIERTA,MONOLINGUE,DOBLE,FIN DE SEMANA,PETɎ,,
17-10-0347-46,,17-020,PETEN,SAYAXCHE,INSTITUTO PRIVADO MIXTO LA REINITA,ALDEA LA REINITA,47181718,ALFONZO CLAUDIO SALES,MARIA EDITA LEIVA BARRERA,DIVERSIFICADO,PRIVADO,RURAL,CERRADA DEFINITIVAMENTE,MONOLINGUE,DOBLE,FIN DE SEMANA,PETɎ,,
17-10-0352-46,,17-018,PETEN,SAYAXCHE,"ESCUELA DE CIENCIAS COMERCIALES, SAN ANTONIO DE PADUA",BARRIIO EL CENTRO,30366279,HUGO RENɠMACZ POP,MARCO ANTONIO MATEO TORRES,DIVERSIFICADO,PRIVADO,URBANA,CERRADA TEMPORALMENTE,MONOLINGUE,DOBLE,FIN DE SEMANA,PETɎ,,
17-10-0353-46,,17-018,PETEN,SAYAXCHE,COLEGIO DE CIENCIAS COMERCIALES SAN ANTONIO DE PADUA,BARRIO EL CENTRO,30366279,HUGO RENɠMACZ POP,MARCO ANTONIO MATEO TORRES,DIVERSIFICADO,PRIVADO,URBANA,CERRADA TEMPORALMENTE,MONOLINGUE,DOBLE,FIN DE SEMANA,PETɎ,,
17-10-0354-46,,17-018,PETEN,SAYAXCHE,COLEGIO DE CIENCIAS COMERCIALES SAN ANTONIO DE PADUA,BARRIO EL CENTRO,30366279,HUGO RENɠMACZ POP,JULIN GUSTAVO LUCERO REQUENA,DIVERSIFICADO,PRIVADO,URBANA,ABIERTA,MONOLINGUE,DOBLE,FIN DE SEMANA,PETɎ,,
17-10-0357-46,,17-10-1048,PETEN,SAYAXCHE,CENTRO EDUCATIVO PRIVADO MIXTO VISION INTEGRAL -CEVI,ALDEA LAS POZAS,57292514,RICARDO SUB XOL,PEDRO FRANCISCO XɠCAL,DIVERSIFICADO,PRIVADO,RURAL,ABIERTA,MONOLINGUE,SIN JORNADA,SEMIPRESENCIAL (UN D́ A LA SEMANA),PETɎ,,
17-10-0359-46,,17-018,PETEN,SAYAXCHE,"INSTITUTO PARTICULAR MIXTO, PLAN FIN DE SEMANA, LICENCIADO VALENTIN DEL VALLE GӎGORA"", . VALENTIN DEL VALLE GONGORA",ALDEA RANCHO ALEGRE,37510203,HUGO RENɠMACZ POP,GLADIS ODILY MARTINEZ RAMOS,DIVERSIFICADO,PRIVADO,RURAL,ABIERTA,MONOLINGUE,SIN JORNADA,SEMIPRESENCIAL (UN D́ A LA SEMANA),PETɎ,,
17-10-0361-46,,17-10-1046,PETEN,SAYAXCHE,"INSTITUTO PRIVADO MIXTO VESPERTINO ""PROF. JOSE OTILIO FLORES CARBAJAL",BARRIO EL CENTRO,31179873,HUGO RENɠMACZ POP,ANY YAMILETH FLORES LEIVA,DIVERSIFICADO,PRIVADO,URBANA,ABIERTA,MONOLINGUE,SIN JORNADA,SEMIPRESENCIAL (UN D́ A LA SEMANA),PETɎ,,
17-10-0363-46,,17-10-1051,PETEN,SAYAXCHE,COLEGIO MIXTO PRIVADO ETEVE JOBS,ALDEA EL PATO,30588161,RODERICO DE LA CRUZ ICAL,VILDA JUDITH ORTIZ RIVERA,DIVERSIFICADO,PRIVADO,RURAL,ABIERTA,MONOLINGUE,SIN JORNADA,SEMIPRESENCIAL (UN D́ A LA SEMANA),PETɎ,,
17-10-0365-46,,17-10-1048,PETEN,SAYAXCHE,COLEGIO PRIVADO MIXTO JACOBO ARBENZ GUZMN,ALDEA LAS POZAS,30432696,RICARDO SUB XOL,TOMAS GARĆ RIVERA,DIVERSIFICADO,PRIVADO,RURAL,ABIERTA,MONOLINGUE,SIN JORNADA,SEMIPRESENCIAL (UN D́ A LA SEMANA),PETɎ,,
17-10-0367-46,,17-10-1050,PETEN,SAYAXCHE,"INSTITUTO PRIVADO MIXTO VESPERTINO ""PROF JOSɠOTILIO FLORES CARBAJAL""",ALDEA TIERRA BLANCA,59061172,HERVIN ESMERALDO ESPAс,LESLY ELIZABETH MORN LEIVA,DIVERSIFICADO,PRIVADO,RURAL,ABIERTA,MONOLINGUE,SIN JORNADA,SEMIPRESENCIAL (UN D́ A LA SEMANA),PETɎ,,
17-10-0369-46,,17-10-1049,PETEN,SAYAXCHE,INSTITUTO PRIVADO MIXTO LA REINITA,CASERIO LA REINITA,57869854,ALFONZO CLAUDIO SALES,MARIA EDITA LEIVA BARRERA,DIVERSIFICADO,PRIVADO,RURAL,ABIERTA,MONOLINGUE,SIN JORNADA,SEMIPRESENCIAL (UN D́ A LA SEMANA),PETɎ,,
17-10-0371-46,,17-10-1047,PETEN,SAYAXCHE,"COLEGIO PRIVADO MIXTO""SAN JUAN""",CASERIO SAN JUAN ACUL,33377199,NAZARIO BONIFACIO POP ICAL,FREDY ANTONIO CUɌLAR RODR͇UEZ,DIVERSIFICADO,PRIVADO,RURAL,ABIERTA,MONOLINGUE,SIN JORNADA,SEMIPRESENCIAL (FIN DE SEMANA),PETɎ,,
17-10-0376-46,,17-019,PETEN,SAYAXCHE,"INED INSTITUTO NACIONAL DE EDUCACIӎ DIVERSIFICADO, ALDEA LAS POZAS, SAYAXCHɬ PETɎ","ALDEA LAS POZAS, SAYAXCHɬ PETɎ ALDEA",,NAZARIO BONIFACIO POP ICAL,,DIVERSIFICADO,OFICIAL,RURAL,TEMPORAL NOMBRAMIENTO,BILINGUE,VESPERTINA,DIARIO(REGULAR),PETɎ,,
17-10-0378-46,,17-024,PETEN,SAYAXCHE,INED INSTITUTO NACIONAL DE EDUCACIӎ DIVERSIFICADA,"ALDEA TIERRA BLANCA, SAYAXCHɬ PETɎ ALDEA",,RODERICO DE LA CRUZ ICAL,,DIVERSIFICADO,OFICIAL,RURAL,TEMPORAL NOMBRAMIENTO,BILINGUE,MATUTINA,DIARIO(REGULAR),PETɎ,,
17-10-0379-46,,17-10-1050,PETEN,SAYAXCHE,INED INSTITUTO NACIONAL DE EDUCACIӎ DIVERSIFICADA,ALDEA TIERRA BLANCA,49768096,HERVIN ESMERALDO ESPAс,,DIVERSIFICADO,OFICIAL,RURAL,ABIERTA,BILINGUE,MATUTINA,DIARIO(REGULAR),PETɎ,,
17-10-0381-46,,17-10-1048,PETEN,SAYAXCHE,INED INSTITUTO NACIONAL DE EDUCACIӎ DIVERSIFICADA,ALDEA LAS POZAS,46642870,RICARDO SUB XOL,,DIVERSIFICADO,OFICIAL,RURAL,ABIERTA,BILINGUE,VESPERTINA,DIARIO(REGULAR),PETɎ,,
17-10-0512-46,,17-018,PETEN,SAYAXCHE,ESC. DE CIENCIAS COMERCIALES SAN ANTONIO DE PADUA,BARRIO EL CENTRO,54175879,HUGO RENɠMACZ POP,,DIVERSIFICADO,PRIVADO,URBANA,CERRADA DEFINITIVAMENTE,MONOLINGUE,VESPERTINA,DIARIO(REGULAR),PETɎ,,
17-10-2965-46,,17-10-1046,PETEN,SAYAXCHE,INSTITUTO PRIVADO MIXTO PROF. JOSE OTILIO FLORES CARBAJAL,BARRIO EL CENTRO SAYAXCHE,31179873,HUGO RENɠMACZ POP,ANY YAMILETH FLORES LEIVA,DIVERSIFICADO,PRIVADO,URBANA,ABIERTA,MONOLINGUE,VESPERTINA,DIARIO(REGULAR),PETɎ,,
17-10-3492-46,,17-10-1046,PETEN,SAYAXCHE,"ESCUELA NORMAL BILING܅ INTERCULTURAL/ TZOLEB AAL TIJONEL QEQCHI ""DR. DEMETRIO COJT͠CUXIL""",BARRIO LA DEMOCRACIA,40973517,HUGO RENɠMACZ POP,ELMER RODERICO PONCE DIAZ,DIVERSIFICADO,OFICIAL,RURAL,ABIERTA,BILINGUE,MATUTINA,DIARIO(REGULAR),PETɎ,,
17-10-3566-46,,17-018,PETEN,SAYAXCHE,INSTITUTO PRIVADO MIXTO PROF. JOSE OTILIO FLORES CARBAJAL,BARRIO EL CENTRO,47181718,HUGO RENɠMACZ POP,CARLOS ALBERTO FLORES ZETINA,DIVERSIFICADO,PRIVADO,URBANA,CERRADA DEFINITIVAMENTE,MONOLINGUE,DOBLE,FIN DE SEMANA,PETɎ,,
17-10-3696-46,,17-10-1046,PETEN,SAYAXCHE,INSTITUTO PRIVADO MIXTO PROF. JOSE OTILIO FLORES CARBAJAL,BARRIO EL CENTRO,31179873,HUGO RENɠMACZ POP,ANY YAMILETH FLORES LEIVA,DIVERSIFICADO,PRIVADO,URBANA,ABIERTA,MONOLINGUE,DOBLE,FIN DE SEMANA,PETɎ,,
17-11-0010-46,,17-020,PETEN,MELCHOR DE MENCOS,CENTRO EDUCATIVO BILINGUE VALPARAISO DE JESUS,BARRIO FALLABON,30779107,ALFONZO CLAUDIO SALES,SALVADOR EDUARDO FLORES MAS,DIVERSIFICADO,PRIVADO,URBANA,CERRADA TEMPORALMENTE,MONOLINGUE,MATUTINA,DIARIO(REGULAR),PETɎ,,
17-11-0039-46,,17-11-1052,PETEN,MELCHOR DE MENCOS,INSTITUTO NACIONAL DE EDUCACION DIVERSIFICADA,BARRIO SANTA ELENA,40275580,PABLO LORENZO ZETINO,NILDA LISBETT MANZANERO COCON,DIVERSIFICADO,OFICIAL,RURAL,ABIERTA,MONOLINGUE,VESPERTINA,DIARIO(REGULAR),PETɎ,,
17-11-0040-46,,17-11-1053,PETEN,MELCHOR DE MENCOS,INSTITUTO NACIONAL DE EDUCACION DIVERSIFICADA,ALDEA EL CRUZADERO,32491214,PABLO LORENZO ZETINO,EDGAR OMAR GONZLES,DIVERSIFICADO,OFICIAL,URBANA,ABIERTA,MONOLINGUE,VESPERTINA,DIARIO(REGULAR),PETɎ,,
17-11-0053-46,,17-021,PETEN,MELCHOR DE MENCOS,CENTRO EDUCATIVO MOPAN,ALDEA EL CRUZADERO,46799812,PABLO LORENZO ZETINO,JUAN LUIS NJERA CASTILLO,DIVERSIFICADO,PRIVADO,RURAL,CERRADA TEMPORALMENTE,BILINGUE,VESPERTINA,DIARIO(REGULAR),PETɎ,,
17-11-0056-46,,17-11-1052,PETEN,MELCHOR DE MENCOS,"CENTRO EDUCATIVO ""CIENCIA Y TECNOLOGIA"" -CECT-",BARRIO EL CENTRO,30233323,PABLO LORENZO ZETINO,MAYRA LORENA CHAN HɒCULES,DIVERSIFICADO,PRIVADO,URBANA,ABIERTA,MONOLINGUE,VESPERTINA,DIARIO(REGULAR),PETɎ,,
17-11-0066-46,,17-11-1052,PETEN,MELCHOR DE MENCOS,"CENTRO EDUCATIVO ""CIENCIA Y TECNOLOǴ"" -CECT-",BARRIO EL CENTRO,40910489,PABLO LORENZO ZETINO,WILLIAMS ADELSO HERNANDEZ LOBOS,DIVERSIFICADO,PRIVADO,URBANA,ABIERTA,MONOLINGUE,NOCTURNA,DIARIO(REGULAR),PETɎ,,
17-11-0069-46,,17-021,PETEN,MELCHOR DE MENCOS,"INSTITUTO MIXTO PARTICULAR ""PEM PEDRO CASTELLANOS TZUL""",BARRIO EL CENTRO,57839107,PABLO LORENZO ZETINO,HɃTOR FERNANDO ARCHILA IBAхZ,DIVERSIFICADO,PRIVADO,URBANA,CERRADA DEFINITIVAMENTE,MONOLINGUE,VESPERTINA,DIARIO(REGULAR),PETɎ,,
17-11-0070-46,,17-11-1052,PETEN,MELCHOR DE MENCOS,"CENTRO EDUCATIVO ""CIENCIA Y TECNOLOGIA"" -CECT-",BARRIO EL CENTRO,40910489,PABLO LORENZO ZETINO,WILLIAMS ADELSO HERNANDEZ LOBOS,DIVERSIFICADO,PRIVADO,URBANA,ABIERTA,MONOLINGUE,MATUTINA,DIARIO(REGULAR),PETɎ,,
17-11-0073-46,,17-021,PETEN,MELCHOR DE MENCOS,CENTRO EDUCATIVO CIENCIA Y TECNOLOGIA,BARRIO EL CENTRO,46799812,PABLO LORENZO ZETINO,WILLIAMS ADELSO HERNANDEZ LOBOS,DIVERSIFICADO,PRIVADO,URBANA,CERRADA DEFINITIVAMENTE,MONOLINGUE,DOBLE,FIN DE SEMANA,PETɎ,,
17-11-0077-46,,17-021,PETEN,MELCHOR DE MENCOS,CENTRO EDUCATIVO CIENCIA Y TECNOLOGIA,BARRIO EL CENTRO,46799812,PABLO LORENZO ZETINO,WILLIAMS ADELSO HERNANDEZ LOBOS,DIVERSIFICADO,PRIVADO,URBANA,CERRADA DEFINITIVAMENTE,MONOLINGUE,DOBLE,FIN DE SEMANA,PETɎ,,
17-11-0079-46,,17-021,PETEN,MELCHOR DE MENCOS,CENTRO EDUCATIVO BILINGUE VALPARAISO DE JESUS,BARRIO FALLABON,30779107,PABLO LORENZO ZETINO,KENYA ARLIN PɒEZ VENTURA,DIVERSIFICADO,PRIVADO,URBANA,CERRADA DEFINITIVAMENTE,MONOLINGUE,DOBLE,FIN DE SEMANA,PETɎ,,
17-11-0080-46,,17-020,PETEN,MELCHOR DE MENCOS,CENTRO EDUCATIVO BILINGUE VALPARAISO DE JESUS,DIMAS DOMINGO TRUJILLO BARRERA BARRIO FALLABON,30779107,ALFONZO CLAUDIO SALES,ROSIMBEL LOYO SALAZAR,DIVERSIFICADO,PRIVADO,URBANA,CERRADA DEFINITIVAMENTE,MONOLINGUE,NOCTURNA,DIARIO(REGULAR),PETɎ,,
17-11-0082-46,,17-11-1052,PETEN,MELCHOR DE MENCOS,"CENTRO EDUCATIVO ""CIENCIA Y TECNOLOGIA"" -CECT-",BARRIO EL CENTRO,30233323,PABLO LORENZO ZETINO,MAYRA LORENA CHAN HɒCULES,DIVERSIFICADO,PRIVADO,URBANA,ABIERTA,MONOLINGUE,DOBLE,DIARIO(REGULAR),PETɎ,,
17-11-0084-46,,17-11-1052,PETEN,MELCHOR DE MENCOS,"CENTRO EDUCATIVO ""CIENCIA Y TECNOLOGIA"" -CECT-",BARRIO EL CENTRO,40910489,PABLO LORENZO ZETINO,WILLIAMS ADELSO HERNANDEZ LOBOS,DIVERSIFICADO,PRIVADO,URBANA,ABIERTA,MONOLINGUE,DOBLE,FIN DE SEMANA,PETɎ,,
17-11-0087-46,,17-11-1052,PETEN,MELCHOR DE MENCOS,"CENTRO EDUCATIVO BILING܅ ""VALPARAISO DE JESUS""",BARRIO FALLABӎ,30246158,PABLO LORENZO ZETINO,ROSIMBEL LOYO SALAZAR,DIVERSIFICADO,PRIVADO,URBANA,ABIERTA,MONOLINGUE,SIN JORNADA,SEMIPRESENCIAL (UN D́ A LA SEMANA),PETɎ,,
17-11-0089-46,,17-11-1052,PETEN,MELCHOR DE MENCOS,"CENTRO EDUCATIVO ""CIENCIA Y TECNOLOGIA""-CECT-",BARRIO EL CENTRO,40910489,PABLO LORENZO ZETINO,WILLIAMS ADELSO HERNANDEZ LOBOS,DIVERSIFICADO,PRIVADO,URBANA,ABIERTA,MONOLINGUE,SIN JORNADA,SEMIPRESENCIAL (UN D́ A LA SEMANA),PETɎ,,
17-11-0091-46,,17-021,PETEN,MELCHOR DE MENCOS,CENTRO EDUCATIVO MOPAN,ALDEA EL CRUZADERO,46799812,PABLO LORENZO ZETINO,BRENDA ALEJANDRA SOLARES GRAMAJO,DIVERSIFICADO,PRIVADO,RURAL,CERRADA TEMPORALMENTE,MONOLINGUE,SIN JORNADA,SEMIPRESENCIAL (UN D́ A LA SEMANA),PETɎ,,
17-11-0361-46,,99-001,PETEN,MELCHOR DE MENCOS,INSTITUTO PRIVADO MIXTO DE EDUCACION DIVERSIFICADA DE CIENCIAS COMERCIALES,,,SILVIA EUGENIA VALDEZ MONTERROSO DE CARBALLO,,DIVERSIFICADO,PRIVADO,URBANA,TEMPORAL TITULOS,MONOLINGUE,NOCTURNA,DIARIO(REGULAR),PETɎ,,
17-11-2838-46,,17-11-1052,PETEN,MELCHOR DE MENCOS,CENTRO EDUCATIVO DE CAPACITACION PROFESIONAL CECAP,BARRIO EL CENTRO,58150129,PABLO LORENZO ZETINO,EDGAR RUDEL MAURICIO BOL,DIVERSIFICADO,PRIVADO,URBANA,ABIERTA,MONOLINGUE,NOCTURNA,DIARIO(REGULAR),PETɎ,,
17-11-2839-46,,17-021,PETEN,MELCHOR DE MENCOS,"INSTITUTO MIXTO PARTICULAR ""PEM.PEDRO CASTELLANOS TZUL""",BARRIO EL CENTRO,57839107,PABLO LORENZO ZETINO,HɃTOR FERNANDO ARCHILA IBAхZ,DIVERSIFICADO,PRIVADO,URBANA,CERRADA DEFINITIVAMENTE,MONOLINGUE,MATUTINA,DIARIO(REGULAR),PETɎ,,
17-11-3724-46,,17-020,PETEN,MELCHOR DE MENCOS,COLEGIO MIXTO PARTICULAR NUEVA VIDA,BARRIO EL CENTRO,,ALFONZO CLAUDIO SALES,,DIVERSIFICADO,PRIVADO,URBANA,CERRADA DEFINITIVAMENTE,MONOLINGUE,DOBLE,FIN DE SEMANA,PETɎ,,
17-11-3898-46,,17-11-1052,PETEN,MELCHOR DE MENCOS,"CENTRO EDUCATIVO BILING܅ ""VALPARAISO DE JESUS""",BARRIO FALLABON,30246158,PABLO LORENZO ZETINO,SHERILYN MELANIE VSQUEZ YALIBAT,DIVERSIFICADO,PRIVADO,URBANA,ABIERTA,MONOLINGUE,DOBLE,FIN DE SEMANA,PETɎ,,
17-11-3899-46,,17-020,PETEN,MELCHOR DE MENCOS,CENTRO EDUCATIVO BILINGUE VALPARAISO DE JESUS,BARRIO FALLABON,30779107,ALFONZO CLAUDIO SALES,ROSIMBEL LOYO SALAZAR,DIVERSIFICADO,PRIVADO,URBANA,CERRADA DEFINITIVAMENTE,MONOLINGUE,NOCTURNA,DIARIO(REGULAR),PETɎ,,
17-11-4119-46,,17-021,PETEN,MELCHOR DE MENCOS,ENBI CENTRO EDUCATIVO MELCHOR,BARRIO EL CAMPITO,,PABLO LORENZO ZETINO,NILDA LISBETT MANZANERO COCON,DIVERSIFICADO,PRIVADO,RURAL,CERRADA TEMPORALMENTE,MONOLINGUE,DOBLE,FIN DE SEMANA,PETɎ,,
17-11-4154-46,,17-11-1052,PETEN,MELCHOR DE MENCOS,"CENTRO EDUCATIVO BILING܅ ""VALPARAISO DE JESUS""",BARRIO FALLABӎ,30246158,PABLO LORENZO ZETINO,SHERILYN MELANIE VSQUEZ YALIBAT,DIVERSIFICADO,PRIVADO,URBANA,ABIERTA,MONOLINGUE,VESPERTINA,DIARIO(REGULAR),PETɎ,,
17-12-0002-46,,17-12-1054,PETEN,POPTUN,"COLEGIO MIXTO PRIVADO ""SAN PEDRO MARTIR DE VERONA""","3RA CALLE ""A"" 7-13 ZONA 1",41511141,OCTAVIO LONE GUERRA,RAMӎ FRANCISCO CASTELLANOS MATUS,DIVERSIFICADO,PRIVADO,URBANA,ABIERTA,MONOLINGUE,DOBLE,FIN DE SEMANA,PETɎ,,
17-12-0082-46,,,PETEN,POPTUN,INSTITUTO NACIONAL DE EDUCACION DIVERSIFICADA,BARRIO LAS DELICIAS,,,BYRON HAROLDO ORREGO ROSALES,DIVERSIFICADO,OFICIAL,RURAL,CERRADA TEMPORALMENTE,MONOLINGUE,VESPERTINA,DIARIO(REGULAR),PETɎ,,
17-12-0083-46,,17-12-1055,PETEN,POPTUN,INED INSTITUTO NACIONAL DE EDUCACION DIVERSIFICADA,"BARRIO SANTA BARBARA, ALDEA MACHAQUILA",50576860,JUAN FRANCISCO OLIVA ESTRADA,YUMILITH MELISSA PALMA TOBAR,DIVERSIFICADO,OFICIAL,RURAL,ABIERTA,MONOLINGUE,VESPERTINA,DIARIO(REGULAR),PETɎ,,
17-12-0084-46,,17-12-1222,PETEN,POPTUN,INSTITUTO NACIONAL DE EDUCACION DIVERSIFICADA,BARRIO IXOBEL,40716193,JOSUɠNEHEMIAS DE PAZ GONZLEZ,JENNIFER SUSANA FLORES YAC,DIVERSIFICADO,OFICIAL,RURAL,ABIERTA,MONOLINGUE,VESPERTINA,DIARIO(REGULAR),PETɎ,,
17-12-0113-46,,17-12-1055,PETEN,POPTUN,INSTITUTO DE CIENCIAS AGROFORESTALES Y VIDA SILVESTRE (ICAVIS),ALDEA MACHAQUILA,57101460,JUAN FRANCISCO OLIVA ESTRADA,EDGAR ESTUARDO TEC SAMAYOA,DIVERSIFICADO,PRIVADO,URBANA,ABIERTA,MONOLINGUE,VESPERTINA,DIARIO(REGULAR),PETɎ,,
17-12-0114-46,,17-12-1054,PETEN,POPTUN,"CENTRO EDUCATIVO INTEGRAL CRISTIANO ""CEIC""",2A. AVENIDA 3-84 ZONA 3,79276209,OCTAVIO LONE GUERRA,FELMAN ARINEL MART͎EZ LӐEZ,DIVERSIFICADO,PRIVADO,URBANA,ABIERTA,MONOLINGUE,VESPERTINA,DIARIO(REGULAR),PETɎ,,
17-12-0115-46,,17-026,PETEN,POPTUN,CENTRO EDUCATIVO INTEGRAL CRISTIANO -CEIC-,2A. AVENIDA 3-84 ZONA 1,42643597,CARMEN NɄITA NATARENO PADILLA,GUDELIA GRILDETH ESCOBAR CALDERӎ,DIVERSIFICADO,PRIVADO,URBANA,CERRADA TEMPORALMENTE,MONOLINGUE,DOBLE,FIN DE SEMANA,PETɎ,,
17-12-0119-46,,17-12-1222,PETEN,POPTUN,INSTITUTO DE CAPACITACION ADVENTISTA DEL PETEN,ALDEA LAS LAJAS,40690158,JOSUɠNEHEMIAS DE PAZ GONZLEZ,HERSON MISAEL MAZARIEGOS GODINEZ,DIVERSIFICADO,PRIVADO,RURAL,ABIERTA,MONOLINGUE,DOBLE,DIARIO(REGULAR),PETɎ,,
17-12-0127-46,,17-12-1054,PETEN,POPTUN,"LICEO CRISTIANO CON ORIENTACIӎ UNIVERSITARIA ""EL SHADDAI""","BULEVAR 25 DE JUNIO Y 9 AVENIDA ZONA 1, BARRIO SAN FRANCISCO",79278625,OCTAVIO LONE GUERRA,FERMINA CӒDOVA PELES,DIVERSIFICADO,PRIVADO,URBANA,ABIERTA,MONOLINGUE,VESPERTINA,DIARIO(REGULAR),PETɎ,,
17-12-0129-46,,17-12-1054,PETEN,POPTUN,"LICEO CRISTIANO CON ORIENTACIӎ UNIVERSITARIA ""EL SHADDAI""","BULEVAR 25 DE JUNIO Y 9 AVENIDA ZONA 1, BARRIO SAN FRANCISCO.",79278625,OCTAVIO LONE GUERRA,ODWED ANTONIO ALVAREZ ARENAS,DIVERSIFICADO,PRIVADO,URBANA,ABIERTA,MONOLINGUE,MATUTINA,DIARIO(REGULAR),PETɎ,,
17-12-0133-46,,17-12-1054,PETEN,POPTUN,"LICEO CRISTIANO CON ORIENTACION UNIVERSITARIA ""EL SHADDAI""","BULEVAR 25 DE JUNIO Y 9A. AVENIDA ZONA 1, BARRIO SAN FRANCISCO.",79278625,OCTAVIO LONE GUERRA,GLADYS AZUCENA GӍEZ SALAS,DIVERSIFICADO,PRIVADO,URBANA,ABIERTA,MONOLINGUE,DOBLE,FIN DE SEMANA,PETɎ,,
17-12-0134-46,,17-022,PETEN,POPTUN,"LICEO CRISTIANO CON ORIENTACIӎ UNIVERSITARIA ""EL SHADDAI""","BULEVAR 25 DE JUNIO Y 9A. AVENIDA ZONA 1, BARRIO SAN FRANCISCO.",79278625,JUAN FRANCISCO OLIVA ESTRADA,GLADYS AZUCENA GӍEZ SALAS,DIVERSIFICADO,PRIVADO,URBANA,CERRADA DEFINITIVAMENTE,MONOLINGUE,DOBLE,FIN DE SEMANA,PETɎ,,
17-12-0140-46,,17-022,PETEN,POPTUN,LICEO CIENCIA Y DESARROLLO CON ORIENTACION TECNICA Y CIENTIFICA,AV.15 DE SEPTIEMBRE 0-41-ZONA 2,41676906,JUAN FRANCISCO OLIVA ESTRADA,CARLOS HUMBERTO MARROQUIN MARTINEZ,DIVERSIFICADO,PRIVADO,URBANA,CERRADA DEFINITIVAMENTE,MONOLINGUE,DOBLE,FIN DE SEMANA,PETɎ,,
17-12-0142-46,,17-022,PETEN,POPTUN,COLEGIO MIXTO PRIVADO SAN PEDRO MARTIR DE VERONA,"3RA.CALLE""A"" 7-13 ZONA 1",79277745,JUAN FRANCISCO OLIVA ESTRADA,RAMӎ FRANCISCO CASTELLANOS MATUS,DIVERSIFICADO,PRIVADO,URBANA,CERRADA DEFINITIVAMENTE,MONOLINGUE,DOBLE,FIN DE SEMANA,PETɎ,,
17-12-0143-46,,17-022,PETEN,POPTUN,COLEGIO MIXTO PRIVADO SAN PEDRO MARTIR DE VERONA,3RA CALLE A 7-13 ZONA 1,79277745,JUAN FRANCISCO OLIVA ESTRADA,VENEDICTO ISRAEL VALLE GUERRA,DIVERSIFICADO,PRIVADO,URBANA,CERRADA DEFINITIVAMENTE,MONOLINGUE,DOBLE,FIN DE SEMANA,PETɎ,,
17-12-0145-46,,17-12-1054,PETEN,POPTUN,"LICEO CRISTIANO CON ORIENTACION UNIVERSITARIA ""EL SHADDAI""",BOULEVARD 25 DE JUNIO 9AV ZONA 1 BARRIO SAN FRANCISCO,79278625,OCTAVIO LONE GUERRA,FERMINA CӒDOVA PELES,DIVERSIFICADO,PRIVADO,URBANA,ABIERTA,MONOLINGUE,DOBLE,DIARIO(REGULAR),PETɎ,,
17-12-0149-46,,17-022,PETEN,POPTUN,"CENTRO DE ESTUDIOS PREUNIVERSITARIOS ""MONTE SION""",BARRIO SANTA MARIA,49139861,JUAN FRANCISCO OLIVA ESTRADA,HENRY FRANCISCO RUIZ BARRIOS,DIVERSIFICADO,PRIVADO,URBANA,ABIERTA,MONOLINGUE,VESPERTINA,DIARIO(REGULAR),PETɎ,,
17-12-0152-46,,17-022,PETEN,POPTUN,CENTRO DE ESTUDIOS PREUNIVERSITARIOS MONTE SION,BARRIO SANTA MARIA,42221946,JUAN FRANCISCO OLIVA ESTRADA,HENRY FRANCISCO RUIZ BARRIOS,DIVERSIFICADO,PRIVADO,URBANA,ABIERTA,MONOLINGUE,DOBLE,DIARIO(REGULAR),PETɎ,,
17-12-0156-46,,17-022,PETEN,POPTUN,COLEGIO MIXTO PRIVADO SAN PEDRO MARTIR DE VERONA,3RA.CALLE A 7-13-NONA 1,79277745,JUAN FRANCISCO OLIVA ESTRADA,FRANCISCO CASTELLANOS MATUS,DIVERSIFICADO,PRIVADO,URBANA,ABIERTA,MONOLINGUE,DOBLE,DIARIO(REGULAR),PETɎ,,
17-12-0173-46,,17-12-1054,PETEN,POPTUN,"COLEGIO MIXTO PRIVADO ""SAN PEDRO MARTIR DE VERONA""",3RA.CALLE A.7-13 ZONA 1,41511141,OCTAVIO LONE GUERRA,RAMӎ FRANCISCO CASTELLANOS MATUS,DIVERSIFICADO,PRIVADO,URBANA,ABIERTA,MONOLINGUE,MATUTINA,DIARIO(REGULAR),PETɎ,,
17-12-0174-46,,17-12-1054,PETEN,POPTUN,"COLEGIO MIXTO PRIVADO ""SAN PEDRO MARTIR DE VERONA""",3RACALLE A.7-13-ZONA 1,42190516,OCTAVIO LONE GUERRA,RAMӎ FRANCISCO CASTELLANOS MATUS,DIVERSIFICADO,PRIVADO,URBANA,ABIERTA,MONOLINGUE,SIN JORNADA,SEMIPRESENCIAL (UN D́ A LA SEMANA),PETɎ,,
17-12-0176-46,,17-12-1054,PETEN,POPTUN,"LICEO CRISTIANO CON ORIENTACION UNIVERSITARIA EL ""SHADDAI""",BOULEVARD 25 DE JUNIO Y 9A.AV. ZONA I BARRIO SAN FRANCISCO,79278625,OCTAVIO LONE GUERRA,GLADYS AZUCENA GӍEZ SALAS,DIVERSIFICADO,PRIVADO,URBANA,ABIERTA,MONOLINGUE,SIN JORNADA,SEMIPRESENCIAL (UN D́ A LA SEMANA),PETɎ,,
17-12-0178-46,,17-12-1054,PETEN,POPTUN,"""LICEO CIENCIA Y DESARROLLO"" CON ORIENTACIӎ TɃNICA Y CIENT͆ICA",POPTUN,35962859,OCTAVIO LONE GUERRA,CARLOS HUMBERTO MARROQUIN MARTINEZ,DIVERSIFICADO,PRIVADO,URBANA,ABIERTA,MONOLINGUE,SIN JORNADA,SEMIPRESENCIAL (UN D́ A LA SEMANA),PETɎ,,
17-12-0184-46,,17-12-1055,PETEN,POPTUN,INED INSTITUTO NACIONAL DE EDUCACIӎ DIVERSIFICADA,CASER͏ EL CAOBA,48447717,JUAN FRANCISCO OLIVA ESTRADA,,DIVERSIFICADO,OFICIAL,RURAL,ABIERTA,BILINGUE,VESPERTINA,DIARIO(REGULAR),PETɎ,,
17-12-0185-46,,17-12-1222,PETEN,POPTUN,INED INSTITUTO NACIONAL DE EDUCACIӎ DIVERSIFICADA,CASER͏ SABANETA TANJOC,42769799,JOSUɠNEHEMIAS DE PAZ GONZLEZ,,DIVERSIFICADO,OFICIAL,RURAL,ABIERTA,BILINGUE,VESPERTINA,DIARIO(REGULAR),PETɎ,,
17-12-0190-46,,17-12-1054,PETEN,POPTUN,COLEGIO PREUNIVERSITARIO ITZA,12 AVENIDA 6-50 ZONA 4 BARRIO EL PORVENIR,59456314,OCTAVIO LONE GUERRA,MAŔ DE JESړ MATUS PɒEZ,DIVERSIFICADO,PRIVADO,RURAL,ABIERTA,MONOLINGUE,MATUTINA,DIARIO(REGULAR),PETɎ,,
17-12-0397-46,,17-12-1054,PETEN,POPTUN,ESCUELA NACIONAL DE CIENCIAS COMERCIALES,AVENIDA 15 DE SEPTIEMBRE 0-41 ZONA 2,59986319,OCTAVIO LONE GUERRA,IRIS ARACELY MORALES CABRERA,DIVERSIFICADO,OFICIAL,URBANA,ABIERTA,MONOLINGUE,VESPERTINA,DIARIO(REGULAR),PETɎ,,
17-12-0398-46,,17-12-1222,PETEN,POPTUN,INSTITUTO DE CAPACITACION ADVENTISTA DEL PETEN,POPTUN,40690158,JOSUɠNEHEMIAS DE PAZ GONZLEZ,HERSON MISAEL MAZARIEGOS GODINEZ,DIVERSIFICADO,PRIVADO,RURAL,ABIERTA,MONOLINGUE,MATUTINA,DIARIO(REGULAR),PETɎ,,
17-12-1046-46,,17-12-1054,PETEN,POPTUN,"COLEGIO MIXTO PRIVADO ""SAN PEDRO MARTIR DE VERONA""",3A. CALLE A 7-13 ZONA 1,41511141,OCTAVIO LONE GUERRA,RAMӎ FRANCISCO CASTELLANOS MATUS,DIVERSIFICADO,PRIVADO,URBANA,ABIERTA,MONOLINGUE,VESPERTINA,DIARIO(REGULAR),PETɎ,,
17-12-2962-46,,17-12-1054,PETEN,POPTUN,"""LICEO CIENCIA Y DESARROLLO""CON ORIENTACIӎ TɃNICA Y CIENT͆ICA",POPTUN,35962859,OCTAVIO LONE GUERRA,CARLOS HUMBERTO MARROQUIN MARTINEZ,DIVERSIFICADO,PRIVADO,URBANA,ABIERTA,MONOLINGUE,DOBLE,FIN DE SEMANA,PETɎ,,
17-12-3469-46,,,PETEN,POPTUN,INSTITUTO PRIVADO MIXTO DE EDUCACION BASICA Y BACHILLERATO POR MADUREZ,,,,,DIVERSIFICADO,PRIVADO,URBANA,CERRADA DEFINITIVAMENTE,MONOLINGUE,MATUTINA,SABATINO,PETɎ,,
17-12-3540-46,,17-,PETEN,POPTUN,COLEGIO PRIVADO MIXTO MACHAQUIL-HA,ALDEA MACHAQUILA,,JOSE FRANCISCO OLAN PONCE,---,DIVERSIFICADO,PRIVADO,RURAL,CERRADA DEFINITIVAMENTE,MONOLINGUE,VESPERTINA,DIARIO(REGULAR),PETɎ,,
17-12-3708-46,,17-022,PETEN,POPTUN,COLEGIO MIXTO PRIVADO HELIODORO PICAZO,"BARRIO IXOBEL, ZONA 6",58187835,JUAN FRANCISCO OLIVA ESTRADA,,DIVERSIFICADO,PRIVADO,URBANA,CERRADA DEFINITIVAMENTE,MONOLINGUE,VESPERTINA,DIARIO(REGULAR),PETɎ,,
17-12-3709-46,,,PETEN,POPTUN,COLEGIO PRIVADO PATRONATO CULTURAL EDUCATIVO,ALDEA MACHAQUILA,59072510,,,DIVERSIFICADO,PRIVADO,RURAL,CERRADA DEFINITIVAMENTE,MONOLINGUE,VESPERTINA,DIARIO(REGULAR),PETɎ,,
17-12-3710-46,,17-022,PETEN,POPTUN,INSTITUTO DE MAGISTERIO EDUCACION PRIMARIA INTERCULTURAL POR COOPERATIVA,BARRIO IXOBEL ZONA 6,,JUAN FRANCISCO OLIVA ESTRADA,MARIO ANIBAL LOPEZ TEJADA,DIVERSIFICADO,COOPERATIVA,URBANA,CERRADA TEMPORALMENTE,MONOLINGUE,VESPERTINA,DIARIO(REGULAR),PETɎ,,
17-12-3712-46,,17-12-1055,PETEN,POPTUN,INSTITUTO DIVERSIFICADO POR COOPERATIVA,ALDEA MACHAQUILA,55161552,JUAN FRANCISCO OLIVA ESTRADA,VALENT͎ CHUB CUCUL,DIVERSIFICADO,COOPERATIVA,RURAL,ABIERTA,MONOLINGUE,VESPERTINA,DIARIO(REGULAR),PETɎ,,
17-12-3732-46,,17-022,PETEN,POPTUN,INSTITUTO NORMAL POR COOPERATIVA MAGISTERIO PRIMARIA INTERCULTURAL,BARRIO EL PORVENIR,,JUAN FRANCISCO OLIVA ESTRADA,HUMBERTO BELIZARIO ASTUDILLO ADAUTO,DIVERSIFICADO,COOPERATIVA,RURAL,CERRADA TEMPORALMENTE,MONOLINGUE,INTERMEDIA,DIARIO(REGULAR),PETɎ,,
17-12-4099-46,,17-023,PETEN,POPTUN,"CENTRO EDUCATIVO ""EL BOSQUE""",7A. AVENIDA BARRIO EL BOSQUE ZONA 2,79276100,EDY GENIS MORATAYA,RUDY FERNANDO BOLAяS ALDANA,DIVERSIFICADO,PRIVADO,URBANA,ABIERTA,MONOLINGUE,VESPERTINA,DIARIO(REGULAR),PETɎ,,
17-13-0099-46,,17-026,PETEN,LAS CRUCES,"COLEGIO PRIVADO MIXTO ""JESړ EL DIVINO MAESTRO"" -JEDIMA-",ALDEA BETHANIA,45287229,CARMEN NɄITA NATARENO PADILLA,GREYSI GUADALUPE PAZ LӐEZ,DIVERSIFICADO,PRIVADO,RURAL,ABIERTA,MONOLINGUE,VESPERTINA,DIARIO(REGULAR),PETɎ,,
17-13-0100-46,,17-026,PETEN,LAS CRUCES,"COLEGIO PRIVADO MIXTO "" JESړ EL DIVINO MAESTRO"" -JEDIMA-","ALDEA BETHANIA LAS CRUCES, PETEN",45287229,CARMEN NɄITA NATARENO PADILLA,GREYSI GUADALUPE PAZ LӐEZ,DIVERSIFICADO,PRIVADO,RURAL,ABIERTA,MONOLINGUE,VESPERTINA,DIARIO(REGULAR),PETɎ,,
17-13-0103-46,,17-13-1056,PETEN,LAS CRUCES,"COLEGIO PRIVADO MIXTO ""JEDIMA""","ALDEA PALESTINA, LAS CRUCES, PETEN",48045807,FIDEL OMAR HERNNDEZ RAMIREZ,ELIDA ELIZABETH PEREZ AZ,DIVERSIFICADO,PRIVADO,RURAL,ABIERTA,MONOLINGUE,VESPERTINA,DIARIO(REGULAR),PETɎ,,
17-13-0104-46,,17-026,PETEN,LAS CRUCES,COLEGIO PRIVADO MIXTO EL DIVINO MAESTRO,ZONA 3,40094596,CARMEN NɄITA NATARENO PADILLA,HENRY ADALBERTO MEDRANO NAJARRO,DIVERSIFICADO,PRIVADO,RURAL,CERRADA TEMPORALMENTE,MONOLINGUE,VESPERTINA,DIARIO(REGULAR),PETɎ,,
17-13-0105-46,,17-025,PETEN,LAS CRUCES,COLEGIO ADVENTISTA GETSEMANI,ZONA 1,30376084,FIDEL OMAR HERNNDEZ RAM͒EZ,DLIDA ANAYANZA HERNNDEZ RAM͒EZ,DIVERSIFICADO,PRIVADO,RURAL,ABIERTA,MONOLINGUE,VESPERTINA,DIARIO(REGULAR),PETɎ,,
17-13-0107-46,,17-13-1056,PETEN,LAS CRUCES,INSTITUTO MUNICIPAL DE EDUCACION MEDIA,ZONA 1,50160941,FIDEL OMAR HERNNDEZ RAMIREZ,DEISY FABIOLA LOPEZ LOPEZ,DIVERSIFICADO,MUNICIPAL,RURAL,ABIERTA,MONOLINGUE,VESPERTINA,DIARIO(REGULAR),PETɎ,,
17-13-0108-46,,17-044,PETEN,LAS CRUCES,INSTITUTO MUNICIPAL DE EDUCACION MEDIA,ZONA 1,58082806,FIDEL OMAR HERNNDEZ RAM͒EZ,JUAN CARLOS MONZON LUTIN,DIVERSIFICADO,MUNICIPAL,RURAL,CERRADA TEMPORALMENTE,MONOLINGUE,DOBLE,FIN DE SEMANA,PETɎ,,
17-13-0112-46,,17-13-1056,PETEN,LAS CRUCES,INSTITUTO MUNICIPAL DE EDUCACION MEDIA,ALDEA PALESTINA,33518325,FIDEL OMAR HERNNDEZ RAMIREZ,MARCOS OSWALDO JOHNSTON LIMA,DIVERSIFICADO,MUNICIPAL,RURAL,ABIERTA,MONOLINGUE,VESPERTINA,DIARIO(REGULAR),PETɎ,,
17-13-0113-46,,17-043,PETEN,LAS CRUCES,INSTITUTO MIXTO DE EDUCACIӎ BILINGUE INTERCULTURAL -IMEBI-,ALDEA VISTA HERMOSA,79261005,DOMINGA GARCIA RAYMUNDO,ANDRɓ DOMINGO PAIZ,DIVERSIFICADO,PRIVADO,RURAL,CERRADA TEMPORALMENTE,MONOLINGUE,DOBLE,FIN DE SEMANA,PETɎ,,
17-13-0117-46,,17-13-1056,PETEN,LAS CRUCES,"COLEGIO DE CIENCIAS COMERCIALES ""LAS CRUCES""",2 AVE. 2 CALLE ZONA 1,53323553,FIDEL OMAR HERNNDEZ RAMIREZ,PEDRO OCIEL JAIME RIVAS,DIVERSIFICADO,PRIVADO,URBANA,ABIERTA,MONOLINGUE,DOBLE,FIN DE SEMANA,PETɎ,,
17-13-0118-46,,17-044,PETEN,LAS CRUCES,"COLEGIO DE CIENCIAS COMERCIALES ""LAS CRUCES""",2 AVE. 2 CALLE ZONA 1,53323553,FIDEL OMAR HERNNDEZ RAM͒EZ,ARACELI SANDOVAL VSQUEZ,DIVERSIFICADO,PRIVADO,URBANA,CERRADA TEMPORALMENTE,MONOLINGUE,MATUTINA,DIARIO(REGULAR),PETɎ,,
17-13-0119-46,,17-13-1056,PETEN,LAS CRUCES,"COLEGIO DE CIENCIAS COMERCIALES ""LAS CRUCES""",2 AVE. 2 CALLE ZONA 1,53323553,FIDEL OMAR HERNNDEZ RAMIREZ,PEDRO OCIEL JAIME RIVAS,DIVERSIFICADO,PRIVADO,URBANA,ABIERTA,MONOLINGUE,VESPERTINA,DIARIO(REGULAR),PETɎ,,
17-13-0120-46,,17-026,PETEN,LAS CRUCES,"COLEGIO DE CIENCIAS COMERCIALES ""LAS CRUCES""",2 AVE. 2 CALLE ZONA 1,53323553,CARMEN NɄITA NATARENO PADILLA,ARACELI SANDOVAL VSQUEZ,DIVERSIFICADO,PRIVADO,URBANA,CERRADA TEMPORALMENTE,MONOLINGUE,MATUTINA,DIARIO(REGULAR),PETɎ,,
17-13-0122-46,,17-026,PETEN,LAS CRUCES,"CENTRO EDUCATIVO TECNOLӇICO DE FORMACIӎ INTEGRAL ""CETFI""",CASERIO VISTA HERMOSA,46026222,CARMEN NɄITA NATARENO PADILLA,MARIO ORLANDO ZELAYA DARDON,DIVERSIFICADO,PRIVADO,RURAL,CERRADA TEMPORALMENTE,MONOLINGUE,VESPERTINA,DIARIO(REGULAR),PETɎ,,
17-13-0125-46,,17-13-1057,PETEN,LAS CRUCES,INSTITUTO NACIONAL DE EDUCACIӎ DIVERSIFICADA,COOPERATIVA UNION MAYA ITZA,40453135,GUSTAVO ADOLFO PIRIR FLORES,MATEO ANTONIO NICOLS,DIVERSIFICADO,OFICIAL,RURAL,ABIERTA,MONOLINGUE,MATUTINA,DIARIO(REGULAR),PETɎ,,
17-13-0126-46,,17-026,PETEN,LAS CRUCES,COLEGIO PRIVADO MIXTO JESUS EL DIVINO MAESTRO,ALDEA BETHANIA,45287229,CARMEN NɄITA NATARENO PADILLA,GREYSI GUADALUPE PAZ LӐEZ,DIVERSIFICADO,PRIVADO,RURAL,ABIERTA,MONOLINGUE,DOBLE,FIN DE SEMANA,PETɎ,,
17-13-0129-46,,17-044,PETEN,LAS CRUCES,COLEGIO PRIVADO MIXTO JESUS EL DIVINO MAESTRO- GEDIMA,ALDEA BETHANIA,45287229,FIDEL OMAR HERNNDEZ RAM͒EZ,NOE MOISES XO PAAN,DIVERSIFICADO,PRIVADO,RURAL,CERRADA TEMPORALMENTE,MONOLINGUE,DOBLE,FIN DE SEMANA,PETɎ,,
17-13-0131-46,,17-043,PETEN,LAS CRUCES,IMEBI,CASERIO VISTA HERMOS,79262582,DOMINGA GARCIA RAYMUNDO,LADISLAO SALVADOR HERNNDEZ LUCAS,DIVERSIFICADO,PRIVADO,RURAL,ABIERTA,MONOLINGUE,VESPERTINA,DIARIO(REGULAR),PETɎ,,
17-13-0135-46,,17-026,PETEN,LAS CRUCES,CENTRO EDUCATIVO YAXTUNILHA,3A.CALLE ZONA 3,30854215,CARMEN NɄITA NATARENO PADILLA,NIDIA ESTER GALICIA ALVARADO,DIVERSIFICADO,PRIVADO,URBANA,ABIERTA,MONOLINGUE,MATUTINA,DIARIO(REGULAR),PETɎ,,
17-13-0136-46,,17-026,PETEN,LAS CRUCES,CENTRO EDUCATIVO YAXTUNILHA,3RA.CALLE ZONA 3,30854215,CARMEN NɄITA NATARENO PADILLA,NIDIA ESTER GALICIA ALVARADO,DIVERSIFICADO,PRIVADO,URBANA,ABIERTA,MONOLINGUE,MATUTINA,DIARIO(REGULAR),PETɎ,,
17-13-0137-46,,17-13-1056,PETEN,LAS CRUCES,INSTITUTO DIVERSIFICADO POR COOPERATIVA DE ENSEсNZA,ZONA 3 LAS CRUCES,49187080,FIDEL OMAR HERNNDEZ RAMIREZ,RUTH ABIGAIL MENDEZ AGUILAR,DIVERSIFICADO,COOPERATIVA,URBANA,ABIERTA,MONOLINGUE,VESPERTINA,DIARIO(REGULAR),PETɎ,,
17-13-0138-46,,17-13-1057,PETEN,LAS CRUCES,"COLEGIO PRIVADO MIXTO ""EL BUEN PASTOR""",CASERIO RETALTECO,40122056,GUSTAVO ADOLFO PIRIR FLORES,EDNER NEFTAL͠DE LEӎ CALMO,DIVERSIFICADO,PRIVADO,RURAL,ABIERTA,MONOLINGUE,VESPERTINA,DIARIO(REGULAR),PETɎ,,
17-13-0140-46,,17-026,PETEN,LAS CRUCES,"COLEGIO PRIVADO MIXTO ""EL BUEN PASTOR""",CASERIO RETALTECO,40122056,CARMEN NɄITA NATARENO PADILLA,KENIA GUISELLA NAJARRO ALVAREZ,DIVERSIFICADO,PRIVADO,RURAL,CERRADA DEFINITIVAMENTE,MONOLINGUE,DOBLE,FIN DE SEMANA,PETɎ,,
17-13-0143-46,,17-025,PETEN,LAS CRUCES,"COLEGIO DE CIENCIAS COMERCIALES ""LAS CRUCES""",12 AV. 2DA CALLE ZONA 1,53323553,FIDEL OMAR HERNNDEZ RAM͒EZ,PEDRO OCIEL JAIME RIVAS,DIVERSIFICADO,PRIVADO,URBANA,CERRADA DEFINITIVAMENTE,BILINGUE,DOBLE,FIN DE SEMANA,PETɎ,,
17-13-0145-46,,17-025,PETEN,LAS CRUCES,"COLEGIO PRIVADO MIXTO ""SUPERA CION Y ESPERANZA""",ALDEA PALESTINA,36051122,FIDEL OMAR HERNNDEZ RAM͒EZ,MARIA CALENDELARIA GARCIA BATRES,DIVERSIFICADO,PRIVADO,RURAL,ABIERTA,MONOLINGUE,VESPERTINA,DIARIO(REGULAR),PETɎ,,
17-13-0148-46,,17-13-1056,PETEN,LAS CRUCES,COLEGIO DE CIENCIAS COMERCIALES LAS CRUCES,"12 AV. 2DA, CALLE ZONA 1",79273890,FIDEL OMAR HERNNDEZ RAMIREZ,PEDRO OCIEL JAIME RIVAS,DIVERSIFICADO,PRIVADO,RURAL,ABIERTA,MONOLINGUE,SIN JORNADA,SEMIPRESENCIAL (UN D́ A LA SEMANA),PETɎ,,
17-13-0150-46,,17-13-1057,PETEN,LAS CRUCES,COLEGIO PRIVADO MIXTO EL BUEN PASTOR,CASERIO RETALTECO,40122056,GUSTAVO ADOLFO PIRIR FLORES,EDNER NEFTAL͠DE LEӎ CALMO,DIVERSIFICADO,PRIVADO,RURAL,ABIERTA,MONOLINGUE,SIN JORNADA,SEMIPRESENCIAL (UN D́ A LA SEMANA),PETɎ,,
17-13-0152-46,,17-025,PETEN,LAS CRUCES,COLEGIO PRIVADO MIXTO JESUS EL DIVINO MAESTRO-JEDIMA-,CASERIO BETHANIA,40311962,FIDEL OMAR HERNNDEZ RAM͒EZ,GREYSI GUADALUPE PAZ LӐEZ,DIVERSIFICADO,PRIVADO,RURAL,ABIERTA,MONOLINGUE,SIN JORNADA,SEMIPRESENCIAL (UN D́ A LA SEMANA),PETɎ,,
17-13-0154-46,,17-025,PETEN,LAS CRUCES,COLEGIO PRIVADO MIXTO JESUS EL DIVINO MAESTRO,ALDEA BETHANIA,40311962,FIDEL OMAR HERNNDEZ RAM͒EZ,GREYSI GUADALUPE PAZ LӐEZ,DIVERSIFICADO,PRIVADO,RURAL,ABIERTA,MONOLINGUE,DOBLE,FIN DE SEMANA,PETɎ,,
17-13-0157-46,,17-025,PETEN,LAS CRUCES,COLEGIO ADVENTISTA GETSEMANͼ/td>,"1RA. CALLE 8VA. AVENIDA, ZONA 1",40720870,FIDEL OMAR HERNNDEZ RAM͒EZ,DALIDA ANAYANZA HERNANDEZ RAMIREZ,DIVERSIFICADO,PRIVADO,URBANA,ABIERTA,MONOLINGUE,MATUTINA,DIARIO(REGULAR),PETɎ,,
17-13-0161-46,,17-13-1056,PETEN,LAS CRUCES,INED INSTITUTO NACIONAL DE EDUCACIӎ DIVERSIFICADA,ZONA 1,5732448,FIDEL OMAR HERNNDEZ RAMIREZ,,DIVERSIFICADO,OFICIAL,RURAL,ABIERTA,MONOLINGUE,VESPERTINA,DIARIO(REGULAR),PETɎ,,
17-13-0162-46,,17-13-1057,PETEN,LAS CRUCES,INED INSTITUTO NACIONAL DE EDUCACIӎ DIVERSIFICADA,CASER͏ VISTA HERMOSA,57323448,GUSTAVO ADOLFO PIRIR FLORES,,DIVERSIFICADO,OFICIAL,RURAL,ABIERTA,MONOLINGUE,VESPERTINA,DIARIO(REGULAR),PETɎ,,
17-14-0024-46,,17-14-1058,PETEN,EL CHAL,LICEO EDUCATIVO SALEM,CABECERA MUNICIPAL,49194715,EDY GENIS MORATAYA,BEATRIZ ARMINDA ESQUIVEL RUANO,DIVERSIFICADO,PRIVADO,URBANA,ABIERTA,MONOLINGUE,VESPERTINA,DIARIO(REGULAR),PETɎ,,
17-14-0028-46,,17-14-1058,PETEN,EL CHAL,ESCUELA DE COMERCIO,CABECERA MUNICIPAL,44908438,EDY GENIS MORATAYA,ARACELY GUTIERREZ ESQUIVEL,DIVERSIFICADO,PRIVADO,URBANA,ABIERTA,MONOLINGUE,VESPERTINA,DIARIO(REGULAR),PETɎ,,
17-14-0032-46,,17-14-1058,PETEN,EL CHAL,"CENTRO EDUCATIVO TECNICO PORTILLO ""CETPORT""",CABECERA MUNICIPAL,57851111,EDY GENIS MORATAYA,YURI ADAL͠CORNELIO RAMIREZ,DIVERSIFICADO,PRIVADO,URBANA,ABIERTA,MONOLINGUE,VESPERTINA,DIARIO(REGULAR),PETɎ,,
17-14-0034-46,,17-14-1058,PETEN,EL CHAL,INSTITUTO NACIONAL DE EDUCACION DIVERSIFICADA- INED-,CABECERA MUNICIPAL,33933229,EDY GENIS MORATAYA,ANA YOLANDA LӐEZ HERNNDEZ,DIVERSIFICADO,OFICIAL,URBANA,ABIERTA,MONOLINGUE,VESPERTINA,DIARIO(REGULAR),PETɎ,,
17-14-0044-46,,17-013,PETEN,EL CHAL,LICEO EDUCATIVO SALEM,CABECERA MUNICIPAL,49194715,BRAULIO AMILCAR CHAN TESUCUN,BEATRIZ ARMINDA ESQUIVEL RUANO,DIVERSIFICADO,PRIVADO,URBANA,CERRADA DEFINITIVAMENTE,MONOLINGUE,DOBLE,FIN DE SEMANA,PETɎ,,
17-14-0076-46,,17-013,PETEN,EL CHAL,COLEGIO EDUCATIVO DIVERSIFICADO LAS FLORES- CEDIF-,COOPERATIVA LAS FLORES,58502152,BRAULIO AMILCAR CHAN TESUCUN,ELVIN ALEXANDER LӐEZ INTERIANO,DIVERSIFICADO,PRIVADO,RURAL,CERRADA TEMPORALMENTE,MONOLINGUE,VESPERTINA,DIARIO(REGULAR),PETɎ,,
17-14-0078-46,,17-013,PETEN,EL CHAL,COLEGIO EDUCATIVO DIVERSIFICADO LAS FLORES -CEDIF-,COOPERTIVA LAS FLORES,56984314,BRAULIO AMILCAR CHAN TESUCUN,ELVIN ALEXANDER LӐEZ INTERIANO,DIVERSIFICADO,PRIVADO,RURAL,CERRADA DEFINITIVAMENTE,MONOLINGUE,DOBLE,FIN DE SEMANA,PETɎ,,
17-14-0080-46,,17-14-0147,PETEN,EL CHAL,COLEGIO EDUCATIVO DIVERSIFICADO LAS FLORES -CEDIF-,COOPERATIVA LAS FLORES,56984314,EDY GENIS MORATAYA,ELVIN ALEXANDER LӐEZ INTERIANO,DIVERSIFICADO,PRIVADO,RURAL,ABIERTA,MONOLINGUE,DOBLE,FIN DE SEMANA,PETɎ,,
17-14-0083-46,,17-013,PETEN,EL CHAL,"CENTRO EDUCATIVO TɃNICO PORTILLO ""CETPORT""",EL CHAL,48835891,BRAULIO AMILCAR CHAN TESUCUN,YURI ADAL͠CORNELIO RAMIREZ,DIVERSIFICADO,PRIVADO,URBANA,CERRADA DEFINITIVAMENTE,MONOLINGUE,DOBLE,FIN DE SEMANA,PETɎ,,
17-14-0084-46,,17-14-1058,PETEN,EL CHAL,"CENTRO EDUCATIVO TɃNICO PORTILLO ""CETPORT""",EL CHAL,57851111,EDY GENIS MORATAYA,YURI ADAL͠CORNELIO RAMIREZ,DIVERSIFICADO,PRIVADO,URBANA,ABIERTA,MONOLINGUE,DOBLE,FIN DE SEMANA,PETɎ,,
17-14-0086-46,,17-14-1058,PETEN,EL CHAL,LICEO EDUCATIVO SALEM,AREA CENTRAL-EL CHAL,49194715,EDY GENIS MORATAYA,BEATRIZ ARMINDA ESQUIVEL RUANO,DIVERSIFICADO,PRIVADO,URBANA,ABIERTA,MONOLINGUE,DOBLE,FIN DE SEMANA,PETɎ,,
17-14-0089-46,,17-14-1058,PETEN,EL CHAL,INSTITUTO NACIONAL DE EDUCACION DIVERSIFICADA -INED-,CASERIO AGRICULTORES UNIDOS,47311925,EDY GENIS MORATAYA,ABELINO CASTRO SAMAYOA,DIVERSIFICADO,OFICIAL,RURAL,ABIERTA,MONOLINGUE,VESPERTINA,DIARIO(REGULAR),PETɎ,,
17-14-0090-46,,17-14-0147,PETEN,EL CHAL,INSTITUTO NACIONAL DE EDUCACION DIVERSIFICADO-INED-,CASERIO SANTA AMELIA,42727176,EDY GENIS MORATAYA,INGRIS MARILIS TELӎ DUARTE,DIVERSIFICADO,OFICIAL,RURAL,ABIERTA,MONOLINGUE,VESPERTINA,DIARIO(REGULAR),PETɎ,,
17-14-0099-46,,17-14-1058,PETEN,EL CHAL,"LICEO EDUCATIVO SALEM ""LICES""",BARRIO EL PARAISO,49194715,EDY GENIS MORATAYA,BEATRIZ ARMINDA ESQUIVEL RUANO,DIVERSIFICADO,PRIVADO,URBANA,ABIERTA,MONOLINGUE,SIN JORNADA,FIN DE SEMANA,PETɎ,,
17-14-0100-46,,17-14-1058,PETEN,EL CHAL,CENTRO EDUCATIVO TECNICO PORTILLO- CETPORT-,EL CHAL,57851111,EDY GENIS MORATAYA,YURI ADAL͠CORNELIO RAMIREZ,DIVERSIFICADO,PRIVADO,URBANA,ABIERTA,MONOLINGUE,SIN JORNADA,SEMIPRESENCIAL (UN D́ A LA SEMANA),PETɎ,,
17-14-0102-46,,17-14-0147,PETEN,EL CHAL,COLEGIO EDUCATIVO DIVERSIFICADO LAS FLORES -CEDIF-,COOPERATIVA LAS FLOREZ,56984314,EDY GENIS MORATAYA,ELVIN ALEXANDER LӐEZ INTERIANO,DIVERSIFICADO,PRIVADO,RURAL,ABIERTA,MONOLINGUE,SIN JORNADA,SEMIPRESENCIAL (UN D́ A LA SEMANA),PETɎ,,
,,,,,,,,,,,,,,,,,,,
,,,,,,,,,,,,,,,,,,,
516 Establecimientos encontrados ,,,,,,,,,,,,,,,,,,,
,,,,,,,,,,,,,,,,,,,
"Ministerio de Educaci󮬠Copyright © 2,012 ",,,,,,,,,,,,,,,,,,,Aviso Legal | T鲭inos y Condiciones | Contacto